TransactionRef,Swiftref,Quantity,Settled Quantity,Amount,Settled Amount,Settlement State,ManualSettlement,Balance_Pool, Security ISIN,Value_Date
600001,AP600001X,59369,59369,59369,59369,SETTLED,N,800600001,IS700001,25-Jul
600002,AP600002X,118026,118026,236052,236052,SETTLED,N,800600002,IS700002,20-Jul
600003,AP600003X,222208,222208,222208,222208,SETTLED,N,800600003,IS700003,17-Jul
600004,AP600004X,115629,115629,231258,231258,SETTLED,N,800600004,IS700004,17-Jul
600005,AP600005X,286706,286706,1146824,1146824,SETTLED,N,800600005,IS700005,24-Jul
600006,AP600006X,146852,146852,146852,146852,SETTLED,N,800600006,IS700006,22-Jul
600007,AP600007X,179389,179389,538167,538167,SETTLED,N,800600007,IS700007,21-Jul
600008,AP600008X,177472,177472,177472,177472,SETTLED,N,800600008,IS700008,19-Jul
600009,AP600009X,51707,51707,155121,155121,SETTLED,N,800600009,IS700009,28-Jul
600010,AP600010X,23780,23780,95120,95120,SETTLED,N,800600010,IS700010,20-Jul
600011,AP600011X,42313,42313,211565,211565,SETTLED,N,800600011,IS700011,26-Jul
600012,AP600012X,101814,101814,101814,101814,SETTLED,N,800600012,IS700012,18-Jul
600013,AP600013X,152722,152722,152722,152722,SETTLED,N,800600013,IS700013,24-Jul
600014,AP600014X,200295,200295,600885,600885,SETTLED,N,800600014,IS700014,31-Jul
600015,AP600015X,86277,86277,258831,258831,SETTLED,N,800600015,IS700015,28-Jul
600016,AP600016X,140973,140973,140973,140973,SETTLED,N,800600016,IS700016,22-Jul
600017,AP600017X,86669,86669,346676,346676,SETTLED,N,800600017,IS700017,29-Jul
600018,AP600018X,293002,293002,586004,586004,SETTLED,N,800600018,IS700018,27-Jul
600019,AP600019X,121087,121087,121087,121087,SETTLED,N,800600019,IS700019,27-Jul
600020,AP600020X,141373,141373,141373,141373,SETTLED,N,800600020,IS700020,23-Jul
600021,AP600021X,112477,112477,449908,449908,SETTLED,N,800600021,IS700021,29-Jul
600022,AP600022X,75905,75905,227715,227715,SETTLED,N,800600022,IS700022,21-Jul
600023,AP600023X,295318,295318,1476590,1476590,SETTLED,N,800600023,IS700023,25-Jul
600024,AP600024X,210400,210400,631200,631200,SETTLED,N,800600024,IS700024,24-Jul
600025,AP600025X,268138,268138,1072552,1072552,SETTLED,N,800600025,IS700025,19-Jul
600026,AP600026X,58487,58487,116974,116974,SETTLED,N,800600026,IS700026,22-Jul
600027,AP600027X,34306,34306,137224,137224,SETTLED,N,800600027,IS700027,29-Jul
600028,AP600028X,278408,278408,835224,835224,SETTLED,N,800600028,IS700028,17-Jul
600029,AP600029X,282527,282527,847581,847581,SETTLED,N,800600029,IS700029,27-Jul
600030,AP600030X,154878,154878,619512,619512,SETTLED,N,800600030,IS700030,22-Jul
600031,AP600031X,2701,2701,8103,8103,SETTLED,N,800600031,IS700031,22-Jul
600032,AP600032X,157471,157471,787355,787355,SETTLED,N,800600032,IS700032,23-Jul
600033,AP600033X,197038,197038,394076,394076,SETTLED,N,800600033,IS700033,17-Jul
600034,AP600034X,257170,257170,257170,257170,SETTLED,N,800600034,IS700034,20-Jul
600035,AP600035X,162225,162225,324450,324450,SETTLED,N,800600035,IS700035,18-Jul
600036,AP600036X,298458,298458,298458,298458,SETTLED,N,800600036,IS700036,19-Jul
600037,AP600037X,37287,37287,186435,186435,SETTLED,N,800600037,IS700037,21-Jul
600038,AP600038X,250184,250184,1250920,1250920,SETTLED,N,800600038,IS700038,22-Jul
600039,AP600039X,277653,277653,1388265,1388265,SETTLED,N,800600039,IS700039,30-Jul
600040,AP600040X,283746,283746,567492,567492,SETTLED,N,800600040,IS700040,26-Jul
600041,AP600041X,196779,196779,787116,787116,SETTLED,N,800600041,IS700041,31-Jul
600042,AP600042X,130973,130973,261946,261946,SETTLED,N,800600042,IS700042,19-Jul
600043,AP600043X,12028,12028,60140,60140,SETTLED,N,800600043,IS700043,24-Jul
600044,AP600044X,4770,4770,4770,4770,SETTLED,N,800600044,IS700044,18-Jul
600045,AP600045X,36337,36337,36337,36337,SETTLED,N,800600045,IS700045,27-Jul
600046,AP600046X,270565,270565,541130,541130,SETTLED,N,800600046,IS700046,25-Jul
600047,AP600047X,113321,113321,566605,566605,SETTLED,N,800600047,IS700047,21-Jul
600048,AP600048X,128400,128400,513600,513600,SETTLED,N,800600048,IS700048,30-Jul
600049,AP600049X,50453,50453,50453,50453,SETTLED,N,800600049,IS700049,30-Jul
600050,AP600050X,223077,223077,892308,892308,SETTLED,N,800600050,IS700050,31-Jul
600051,AP600051X,52599,52599,52599,52599,SETTLED,N,800600051,IS700051,29-Jul
600052,AP600052X,58288,58288,116576,116576,SETTLED,N,800600052,IS700052,23-Jul
600053,AP600053X,282168,282168,1128672,1128672,SETTLED,N,800600053,IS700053,21-Jul
600054,AP600054X,97200,97200,291600,291600,SETTLED,N,800600054,IS700054,31-Jul
600055,AP600055X,40523,40523,162092,162092,SETTLED,N,800600055,IS700055,20-Jul
600056,AP600056X,284423,284423,284423,284423,SETTLED,N,800600056,IS700056,19-Jul
600057,AP600057X,88194,88194,352776,352776,SETTLED,N,800600057,IS700057,01-Aug
600058,AP600058X,113065,113065,452260,452260,SETTLED,N,800600058,IS700058,18-Jul
600059,AP600059X,199691,199691,199691,199691,SETTLED,N,800600059,IS700059,29-Jul
600060,AP600060X,239555,239555,718665,718665,SETTLED,N,800600060,IS700060,30-Jul
600061,AP600061X,82158,82158,164316,164316,SETTLED,N,800600061,IS700061,26-Jul
600062,AP600062X,31662,31662,158310,158310,SETTLED,N,800600062,IS700062,18-Jul
600063,AP600063X,30971,30971,30971,30971,SETTLED,N,800600063,IS700063,01-Aug
600064,AP600064X,30821,30821,154105,154105,SETTLED,N,800600064,IS700064,19-Jul
600065,AP600065X,36924,36924,184620,184620,SETTLED,N,800600065,IS700065,19-Jul
600066,AP600066X,212694,212694,212694,212694,SETTLED,N,800600066,IS700066,24-Jul
600067,AP600067X,43982,43982,175928,175928,SETTLED,N,800600067,IS700067,27-Jul
600068,AP600068X,108090,108090,324270,324270,SETTLED,N,800600068,IS700068,24-Jul
600069,AP600069X,208505,208505,417010,417010,SETTLED,N,800600069,IS700069,26-Jul
600070,AP600070X,166767,166767,166767,166767,SETTLED,N,800600070,IS700070,17-Jul
600071,AP600071X,296170,296170,296170,296170,SETTLED,N,800600071,IS700071,19-Jul
600072,AP600072X,266229,266229,798687,798687,SETTLED,N,800600072,IS700072,21-Jul
600073,AP600073X,37066,37066,74132,74132,SETTLED,N,800600073,IS700073,28-Jul
600074,AP600074X,83704,83704,334816,334816,SETTLED,N,800600074,IS700074,26-Jul
600075,AP600075X,291771,291771,875313,875313,SETTLED,N,800600075,IS700075,20-Jul
600076,AP600076X,139656,139656,139656,139656,SETTLED,N,800600076,IS700076,20-Jul
600077,AP600077X,143788,143788,431364,431364,SETTLED,N,800600077,IS700077,23-Jul
600078,AP600078X,107743,107743,323229,323229,SETTLED,N,800600078,IS700078,01-Aug
600079,AP600079X,27633,27633,27633,27633,SETTLED,N,800600079,IS700079,30-Jul
600080,AP600080X,24114,24114,24114,24114,SETTLED,N,800600080,IS700080,27-Jul
600081,AP600081X,138340,138340,276680,276680,SETTLED,N,800600081,IS700081,31-Jul
600082,AP600082X,295076,295076,295076,295076,SETTLED,N,800600082,IS700082,20-Jul
600083,AP600083X,79147,79147,395735,395735,SETTLED,N,800600083,IS700083,18-Jul
600084,AP600084X,290682,290682,581364,581364,SETTLED,N,800600084,IS700084,30-Jul
600085,AP600085X,22930,22930,68790,68790,SETTLED,N,800600085,IS700085,28-Jul
600086,AP600086X,188595,188595,377190,377190,SETTLED,N,800600086,IS700086,24-Jul
600087,AP600087X,186429,186429,932145,932145,SETTLED,N,800600087,IS700087,30-Jul
600088,AP600088X,125118,125118,250236,250236,SETTLED,N,800600088,IS700088,22-Jul
600089,AP600089X,13995,13995,27990,27990,SETTLED,N,800600089,IS700089,27-Jul
600090,AP600090X,131111,131111,393333,393333,SETTLED,N,800600090,IS700090,22-Jul
600091,AP600091X,201562,201562,201562,201562,SETTLED,N,800600091,IS700091,01-Aug
600092,AP600092X,105633,105633,422532,422532,SETTLED,N,800600092,IS700092,28-Jul
600093,AP600093X,120325,120325,240650,240650,SETTLED,N,800600093,IS700093,17-Jul
600094,AP600094X,209910,209910,629730,629730,SETTLED,N,800600094,IS700094,25-Jul
600095,AP600095X,147341,147341,442023,442023,SETTLED,N,800600095,IS700095,29-Jul
600096,AP600096X,15470,15470,15470,15470,SETTLED,N,800600096,IS700096,25-Jul
600097,AP600097X,140180,140180,140180,140180,SETTLED,N,800600097,IS700097,20-Jul
600098,AP600098X,182239,182239,546717,546717,SETTLED,N,800600098,IS700098,30-Jul
600099,AP600099X,202953,202953,1014765,1014765,SETTLED,N,800600099,IS700099,23-Jul
600100,AP600100X,24271,24271,97084,97084,SETTLED,N,800600100,IS700100,17-Jul
600101,AP600101X,191956,191956,767824,767824,SETTLED,N,800600101,IS700101,19-Jul
600102,AP600102X,165582,165582,165582,165582,SETTLED,N,800600102,IS700102,26-Jul
600103,AP600103X,215115,215115,645345,645345,SETTLED,N,800600103,IS700103,29-Jul
600104,AP600104X,291671,291671,583342,583342,SETTLED,N,800600104,IS700104,23-Jul
600105,AP600105X,199781,199781,399562,399562,SETTLED,N,800600105,IS700105,26-Jul
600106,AP600106X,288276,288276,288276,288276,SETTLED,N,800600106,IS700106,26-Jul
600107,AP600107X,111196,111196,444784,444784,SETTLED,N,800600107,IS700107,27-Jul
600108,AP600108X,232623,232623,930492,930492,SETTLED,N,800600108,IS700108,23-Jul
600109,AP600109X,89967,89967,89967,89967,SETTLED,N,800600109,IS700109,26-Jul
600110,AP600110X,49961,49961,99922,99922,SETTLED,N,800600110,IS700110,26-Jul
600111,AP600111X,105401,105401,210802,210802,SETTLED,N,800600111,IS700111,17-Jul
600112,AP600112X,129368,129368,517472,517472,SETTLED,N,800600112,IS700112,19-Jul
600113,AP600113X,218286,218286,1091430,1091430,SETTLED,N,800600113,IS700113,23-Jul
600114,AP600114X,260196,260196,1040784,1040784,SETTLED,N,800600114,IS700114,24-Jul
600115,AP600115X,3907,3907,3907,3907,SETTLED,N,800600115,IS700115,30-Jul
600116,AP600116X,93215,93215,466075,466075,SETTLED,N,800600116,IS700116,31-Jul
600117,AP600117X,293241,293241,586482,586482,SETTLED,N,800600117,IS700117,20-Jul
600118,AP600118X,70908,70908,283632,283632,SETTLED,N,800600118,IS700118,27-Jul
600119,AP600119X,265649,265649,1062596,1062596,SETTLED,N,800600119,IS700119,31-Jul
600120,AP600120X,249866,249866,999464,999464,SETTLED,N,800600120,IS700120,25-Jul
600121,AP600121X,146391,146391,731955,731955,SETTLED,N,800600121,IS700121,01-Aug
600122,AP600122X,144968,144968,579872,579872,SETTLED,N,800600122,IS700122,19-Jul
600123,AP600123X,123942,123942,371826,371826,SETTLED,N,800600123,IS700123,27-Jul
600124,AP600124X,284195,284195,284195,284195,SETTLED,N,800600124,IS700124,21-Jul
600125,AP600125X,122247,122247,488988,488988,SETTLED,N,800600125,IS700125,21-Jul
600126,AP600126X,34674,34674,138696,138696,SETTLED,N,800600126,IS700126,30-Jul
600127,AP600127X,285484,285484,1141936,1141936,SETTLED,N,800600127,IS700127,30-Jul
600128,AP600128X,109440,109440,437760,437760,SETTLED,N,800600128,IS700128,29-Jul
600129,AP600129X,200429,200429,801716,801716,SETTLED,N,800600129,IS700129,17-Jul
600130,AP600130X,157559,157559,630236,630236,SETTLED,N,800600130,IS700130,30-Jul
600131,AP600131X,256972,256972,513944,513944,SETTLED,N,800600131,IS700131,25-Jul
600132,AP600132X,255616,255616,255616,255616,SETTLED,N,800600132,IS700132,29-Jul
600133,AP600133X,212978,212978,425956,425956,SETTLED,N,800600133,IS700133,31-Jul
600134,AP600134X,281034,281034,281034,281034,SETTLED,N,800600134,IS700134,29-Jul
600135,AP600135X,45012,45012,180048,180048,SETTLED,N,800600135,IS700135,21-Jul
600136,AP600136X,96278,96278,96278,96278,SETTLED,N,800600136,IS700136,25-Jul
600137,AP600137X,172627,172627,345254,345254,SETTLED,N,800600137,IS700137,31-Jul
600138,AP600138X,177947,177947,711788,711788,SETTLED,N,800600138,IS700138,25-Jul
600139,AP600139X,133262,133262,133262,133262,SETTLED,N,800600139,IS700139,01-Aug
600140,AP600140X,283810,283810,283810,283810,SETTLED,N,800600140,IS700140,28-Jul
600201,AP600201X,175749,0,527247,0,SETTLED,N,800600201,IS700201,20-Jul
600202,AP600202X,173912,0,695648,0,SETTLED,N,800600202,IS700202,01-Aug
600203,AP600203X,210952,0,1054760,0,SETTLED,N,800600203,IS700203,18-Jul
600204,AP600204X,47168,0,141504,0,SETTLED,N,800600204,IS700204,25-Jul
600205,AP600205X,61776,0,247104,0,SETTLED,N,800600205,IS700205,17-Jul
600206,AP600206X,217660,0,217660,0,SETTLED,N,800600206,IS700206,23-Jul
600207,AP600207X,262353,0,1049412,0,SETTLED,N,800600207,IS700207,18-Jul
600208,AP600208X,141014,0,705070,0,SETTLED,N,800600208,IS700208,21-Jul
600209,AP600209X,230699,0,922796,0,SETTLED,N,800600209,IS700209,20-Jul
600210,AP600210X,126460,0,252920,0,SETTLED,N,800600210,IS700210,26-Jul
600211,AP600211X,290538,0,1162152,0,SETTLED,N,800600211,IS700211,19-Jul
600212,AP600212X,60486,0,241944,0,SETTLED,N,800600212,IS700212,20-Jul
600213,AP600213X,262292,0,786876,0,SETTLED,N,800600213,IS700213,25-Jul
600214,AP600214X,253968,0,1015872,0,SETTLED,N,800600214,IS700214,24-Jul
600215,AP600215X,290021,0,580042,0,SETTLED,N,800600215,IS700215,29-Jul
600216,AP600216X,267464,0,534928,0,SETTLED,N,800600216,IS700216,19-Jul
600217,AP600217X,218549,0,655647,0,SETTLED,N,800600217,IS700217,25-Jul
600218,AP600218X,149289,0,447867,0,SETTLED,N,800600218,IS700218,01-Aug
600219,AP600219X,235119,0,1175595,0,SETTLED,N,800600219,IS700219,01-Aug
600220,AP600220X,175294,0,876470,0,SETTLED,N,800600220,IS700220,29-Jul
600221,AP600221X,169704,0,339408,0,SETTLED,N,800600221,IS700221,24-Jul
600222,AP600222X,123453,0,493812,0,SETTLED,N,800600222,IS700222,18-Jul
600223,AP600223X,248975,0,995900,0,SETTLED,N,800600223,IS700223,29-Jul
600224,AP600224X,260694,0,260694,0,SETTLED,N,800600224,IS700224,21-Jul
600225,AP600225X,53619,0,214476,0,SETTLED,N,800600225,IS700225,20-Jul
600226,AP600226X,9046,0,18092,0,SETTLED,N,800600226,IS700226,30-Jul
600227,AP600227X,40231,0,160924,0,SETTLED,N,800600227,IS700227,25-Jul
600228,AP600228X,209395,0,209395,0,SETTLED,N,800600228,IS700228,27-Jul
600229,AP600229X,167021,0,668084,0,SETTLED,N,800600229,IS700229,18-Jul
600230,AP600230X,124087,0,372261,0,SETTLED,N,800600230,IS700230,24-Jul
600231,AP600231X,228526,0,228526,0,SETTLED,N,800600231,IS700231,20-Jul
600232,AP600232X,88223,0,264669,0,SETTLED,N,800600232,IS700232,17-Jul
600233,AP600233X,171065,0,171065,0,SETTLED,N,800600233,IS700233,26-Jul
600234,AP600234X,197524,0,790096,0,SETTLED,N,800600234,IS700234,21-Jul
600235,AP600235X,279484,0,1117936,0,SETTLED,N,800600235,IS700235,22-Jul
600401,AP600401X,286985,0,860955,0,SETTLED,N,800600401,IS700401,27-Jul
600402,AP600402X,42979,0,128937,0,SETTLED,N,800600402,IS700402,26-Jul
600403,AP600403X,234788,0,1173940,0,SETTLED,N,800600403,IS700403,30-Jul
600404,AP600404X,233735,0,701205,0,SETTLED,N,800600404,IS700404,31-Jul
600405,AP600405X,185842,0,929210,0,SETTLED,N,800600405,IS700405,30-Jul
600406,AP600406X,31072,0,31072,0,SETTLED,N,800600406,IS700406,29-Jul
600407,AP600407X,270004,0,540008,0,SETTLED,N,800600407,IS700407,17-Jul
600408,AP600408X,230728,0,230728,0,SETTLED,N,800600408,IS700408,21-Jul
600409,AP600409X,124729,0,374187,0,SETTLED,N,800600409,IS700409,28-Jul
600410,AP600410X,298399,0,298399,0,SETTLED,N,800600410,IS700410,21-Jul
600411,AP600411X,195492,0,586476,0,SETTLED,N,800600411,IS700411,31-Jul
600412,AP600412X,73191,0,365955,0,SETTLED,N,800600412,IS700412,28-Jul
600413,AP600413X,165828,0,497484,0,SETTLED,N,800600413,IS700413,24-Jul
600414,AP600414X,14586,0,29172,0,SETTLED,N,800600414,IS700414,01-Aug
600415,AP600415X,295478,0,295478,0,SETTLED,N,800600415,IS700415,25-Jul
600416,AP600416X,234975,0,469950,0,SETTLED,N,800600416,IS700416,26-Jul
600417,AP600417X,105951,0,105951,0,SETTLED,N,800600417,IS700417,21-Jul
600418,AP600418X,238000,0,476000,0,SETTLED,N,800600418,IS700418,31-Jul
600419,AP600419X,168556,0,505668,0,SETTLED,N,800600419,IS700419,19-Jul
600420,AP600420X,158263,0,316526,0,SETTLED,N,800600420,IS700420,22-Jul
600421,AP600421X,267734,267734,535468,535468,SETTLED,Y,800600421,IS700421,20-Jul
600422,AP600422X,73811,73811,147622,147622,SETTLED,Y,800600422,IS700422,01-Aug
600423,AP600423X,190213,190213,951065,951065,SETTLED,Y,800600423,IS700423,28-Jul
600424,AP600424X,290221,290221,580442,580442,SETTLED,Y,800600424,IS700424,19-Jul
600425,AP600425X,163157,163157,652628,652628,SETTLED,Y,800600425,IS700425,01-Aug
600426,AP600426X,215661,215661,1078305,1078305,SETTLED,Y,800600426,IS700426,19-Jul
600427,AP600427X,167213,167213,167213,167213,SETTLED,Y,800600427,IS700427,31-Jul
600428,AP600428X,272245,272245,816735,816735,SETTLED,Y,800600428,IS700428,21-Jul
600429,AP600429X,68650,68650,274600,274600,SETTLED,Y,800600429,IS700429,18-Jul
600430,AP600430X,272634,272634,545268,545268,SETTLED,Y,800600430,IS700430,26-Jul
600431,AP600431X,85917,85917,257751,257751,SETTLED,Y,800600431,IS700431,24-Jul
600432,AP600432X,273051,273051,819153,819153,SETTLED,Y,800600432,IS700432,19-Jul
600433,AP600433X,103918,103918,519590,519590,SETTLED,Y,800600433,IS700433,25-Jul
600434,AP600434X,159767,159767,798835,798835,SETTLED,Y,800600434,IS700434,19-Jul
600435,AP600435X,81842,81842,163684,163684,SETTLED,Y,800600435,IS700435,27-Jul
600436,AP600436X,15875,15875,15875,15875,SETTLED,Y,800600436,IS700436,18-Jul
600437,AP600437X,111524,111524,557620,557620,SETTLED,Y,800600437,IS700437,30-Jul
600438,AP600438X,262115,262115,1310575,1310575,SETTLED,Y,800600438,IS700438,26-Jul
600439,AP600439X,254202,254202,508404,508404,SETTLED,Y,800600439,IS700439,29-Jul
600440,AP600440X,238787,238787,238787,238787,SETTLED,Y,800600440,IS700440,18-Jul
600441,AP600441X,231479,231479,925916,925916,SETTLED,Y,800600441,IS700441,01-Aug
600442,AP600442X,107966,107966,323898,323898,SETTLED,Y,800600442,IS700442,21-Jul
600443,AP600443X,168413,168413,505239,505239,SETTLED,Y,800600443,IS700443,29-Jul
600444,AP600444X,195269,195269,976345,976345,SETTLED,Y,800600444,IS700444,20-Jul
600445,AP600445X,127740,127740,510960,510960,SETTLED,Y,800600445,IS700445,20-Jul
600446,AP600446X,236717,236717,473434,473434,SETTLED,Y,800600446,IS700446,21-Jul
600447,AP600447X,27531,27531,82593,82593,SETTLED,Y,800600447,IS700447,29-Jul
600448,AP600448X,131165,131165,262330,262330,SETTLED,Y,800600448,IS700448,27-Jul
600449,AP600449X,100527,100527,201054,201054,SETTLED,Y,800600449,IS700449,01-Aug
600450,AP600450X,262493,262493,787479,787479,SETTLED,Y,800600450,IS700450,01-Aug
600451,AP600451X,48211,48211,192844,192844,SETTLED,Y,800600451,IS700451,31-Jul
600452,AP600452X,113797,113797,568985,568985,SETTLED,Y,800600452,IS700452,28-Jul
600453,AP600453X,27497,27497,82491,82491,SETTLED,Y,800600453,IS700453,01-Aug
600454,AP600454X,150814,150814,754070,754070,SETTLED,Y,800600454,IS700454,17-Jul
600455,AP600455X,226930,226930,453860,453860,SETTLED,Y,800600455,IS700455,25-Jul
600456,AP600456X,212421,212421,637263,637263,SETTLED,Y,800600456,IS700456,18-Jul
600457,AP600457X,27821,27821,139105,139105,SETTLED,Y,800600457,IS700457,23-Jul
600458,AP600458X,291048,291048,873144,873144,SETTLED,Y,800600458,IS700458,19-Jul
600459,AP600459X,265375,265375,1061500,1061500,SETTLED,Y,800600459,IS700459,25-Jul
600460,AP600460X,68456,68456,68456,68456,SETTLED,Y,800600460,IS700460,29-Jul
600461,AP600461X,178778,178778,893890,893890,SETTLED,Y,800600461,IS700461,28-Jul
600462,AP600462X,105363,105363,526815,526815,SETTLED,Y,800600462,IS700462,29-Jul
600463,AP600463X,24752,24752,24752,24752,SETTLED,Y,800600463,IS700463,21-Jul
600464,AP600464X,249378,249378,1246890,1246890,SETTLED,Y,800600464,IS700464,31-Jul
600465,AP600465X,271273,271273,542546,542546,SETTLED,Y,800600465,IS700465,27-Jul
600466,AP600466X,86197,86197,344788,344788,SETTLED,Y,800600466,IS700466,26-Jul
600467,AP600467X,266979,266979,1334895,1334895,SETTLED,Y,800600467,IS700467,01-Aug
600468,AP600468X,249980,249980,249980,249980,SETTLED,Y,800600468,IS700468,28-Jul
600469,AP600469X,58464,58464,233856,233856,SETTLED,Y,800600469,IS700469,26-Jul
600470,AP600470X,249821,249821,749463,749463,SETTLED,Y,800600470,IS700470,24-Jul
600471,AP600471X,252893,252893,505786,505786,SETTLED,Y,800600471,IS700471,29-Jul
600472,AP600472X,127980,127980,127980,127980,SETTLED,Y,800600472,IS700472,20-Jul
600473,AP600473X,10928,10928,43712,43712,SETTLED,Y,800600473,IS700473,27-Jul
600474,AP600474X,80393,80393,321572,321572,SETTLED,Y,800600474,IS700474,23-Jul
600475,AP600475X,264097,264097,1320485,1320485,SETTLED,Y,800600475,IS700475,01-Aug
600476,AP600476X,73394,73394,366970,366970,SETTLED,Y,800600476,IS700476,23-Jul
600477,AP600477X,251804,251804,1259020,1259020,SETTLED,Y,800600477,IS700477,29-Jul
600478,AP600478X,91797,91797,367188,367188,SETTLED,Y,800600478,IS700478,27-Jul
600479,AP600479X,139601,139601,698005,698005,SETTLED,Y,800600479,IS700479,01-Aug
600480,AP600480X,130247,130247,390741,390741,SETTLED,Y,800600480,IS700480,26-Jul
600481,AP600481X,157035,157035,471105,471105,SETTLED,Y,800600481,IS700481,23-Jul
600482,AP600482X,167220,167220,668880,668880,SETTLED,Y,800600482,IS700482,28-Jul
600483,AP600483X,151884,151884,151884,151884,SETTLED,Y,800600483,IS700483,29-Jul
600484,AP600484X,181949,181949,363898,363898,SETTLED,Y,800600484,IS700484,26-Jul
600485,AP600485X,151801,151801,151801,151801,SETTLED,Y,800600485,IS700485,28-Jul
600486,AP600486X,135450,135450,541800,541800,SETTLED,Y,800600486,IS700486,23-Jul
600487,AP600487X,283369,283369,850107,850107,SETTLED,Y,800600487,IS700487,25-Jul
600488,AP600488X,58266,58266,291330,291330,SETTLED,Y,800600488,IS700488,24-Jul
600489,AP600489X,27615,27615,138075,138075,SETTLED,Y,800600489,IS700489,24-Jul
600490,AP600490X,28520,28520,28520,28520,SETTLED,Y,800600490,IS700490,30-Jul
600491,AP600491X,248675,248675,248675,248675,SETTLED,Y,800600491,IS700491,21-Jul
600492,AP600492X,289543,289543,579086,579086,SETTLED,Y,800600492,IS700492,30-Jul
600493,AP600493X,251320,251320,502640,502640,SETTLED,Y,800600493,IS700493,26-Jul
600494,AP600494X,150639,150639,150639,150639,SETTLED,Y,800600494,IS700494,19-Jul
600495,AP600495X,281573,281573,281573,281573,SETTLED,Y,800600495,IS700495,22-Jul
600496,AP600496X,93163,93163,93163,93163,SETTLED,Y,800600496,IS700496,29-Jul
600497,AP600497X,98680,98680,296040,296040,SETTLED,Y,800600497,IS700497,18-Jul
600498,AP600498X,157443,157443,787215,787215,SETTLED,Y,800600498,IS700498,20-Jul
600499,AP600499X,150192,150192,600768,600768,SETTLED,Y,800600499,IS700499,01-Aug
600500,AP600500X,265352,265352,1061408,1061408,SETTLED,Y,800600500,IS700500,25-Jul
600501,AP600501X,60059,60059,180177,180177,SETTLED,Y,800600501,IS700501,22-Jul
600502,AP600502X,135880,135880,271760,271760,SETTLED,Y,800600502,IS700502,17-Jul
600503,AP600503X,155677,155677,778385,778385,SETTLED,Y,800600503,IS700503,23-Jul
600504,AP600504X,213593,213593,854372,854372,SETTLED,Y,800600504,IS700504,27-Jul
600505,AP600505X,211152,211152,211152,211152,SETTLED,Y,800600505,IS700505,22-Jul
600506,AP600506X,251323,251323,753969,753969,SETTLED,Y,800600506,IS700506,24-Jul
600507,AP600507X,137726,137726,550904,550904,SETTLED,Y,800600507,IS700507,24-Jul
600508,AP600508X,140981,140981,422943,422943,SETTLED,Y,800600508,IS700508,26-Jul
600509,AP600509X,138129,138129,414387,414387,SETTLED,Y,800600509,IS700509,24-Jul
600510,AP600510X,62983,62983,251932,251932,SETTLED,Y,800600510,IS700510,26-Jul
600511,AP600511X,213555,213555,1067775,1067775,SETTLED,Y,800600511,IS700511,26-Jul
600512,AP600512X,155684,155684,467052,467052,SETTLED,Y,800600512,IS700512,24-Jul
600513,AP600513X,71028,71028,284112,284112,SETTLED,Y,800600513,IS700513,21-Jul
600514,AP600514X,196887,196887,787548,787548,SETTLED,Y,800600514,IS700514,01-Aug
600515,AP600515X,130743,130743,653715,653715,SETTLED,Y,800600515,IS700515,19-Jul
600516,AP600516X,277914,277914,833742,833742,SETTLED,Y,800600516,IS700516,19-Jul
600517,AP600517X,33379,33379,166895,166895,SETTLED,Y,800600517,IS700517,23-Jul
600518,AP600518X,87264,87264,261792,261792,SETTLED,Y,800600518,IS700518,31-Jul
600519,AP600519X,108689,108689,543445,543445,SETTLED,Y,800600519,IS700519,01-Aug
600520,AP600520X,268583,268583,1074332,1074332,SETTLED,Y,800600520,IS700520,18-Jul
600521,AP600521X,70176,70176,350880,350880,SETTLED,Y,800600521,IS700521,30-Jul
600522,AP600522X,296651,296651,296651,296651,SETTLED,Y,800600522,IS700522,31-Jul
600523,AP600523X,12413,12413,49652,49652,SETTLED,Y,800600523,IS700523,25-Jul
600524,AP600524X,115243,115243,576215,576215,SETTLED,Y,800600524,IS700524,19-Jul
600525,AP600525X,223139,223139,669417,669417,SETTLED,Y,800600525,IS700525,19-Jul
600526,AP600526X,37185,37185,148740,148740,SETTLED,Y,800600526,IS700526,18-Jul
600527,AP600527X,215364,215364,430728,430728,SETTLED,Y,800600527,IS700527,21-Jul
600528,AP600528X,197325,197325,789300,789300,SETTLED,Y,800600528,IS700528,31-Jul
600529,AP600529X,197946,197946,197946,197946,SETTLED,Y,800600529,IS700529,21-Jul
600530,AP600530X,63197,63197,126394,126394,SETTLED,Y,800600530,IS700530,29-Jul
600531,AP600531X,117753,117753,117753,117753,SETTLED,Y,800600531,IS700531,17-Jul
600532,AP600532X,243747,243747,1218735,1218735,SETTLED,Y,800600532,IS700532,30-Jul
600533,AP600533X,121410,121410,242820,242820,SETTLED,Y,800600533,IS700533,31-Jul
600534,AP600534X,82328,82328,246984,246984,SETTLED,Y,800600534,IS700534,23-Jul
600535,AP600535X,17891,17891,71564,71564,SETTLED,Y,800600535,IS700535,17-Jul
600536,AP600536X,109046,109046,109046,109046,SETTLED,Y,800600536,IS700536,20-Jul
600537,AP600537X,235063,235063,1175315,1175315,SETTLED,Y,800600537,IS700537,18-Jul
600538,AP600538X,24192,24192,96768,96768,SETTLED,Y,800600538,IS700538,31-Jul
600539,AP600539X,283989,283989,567978,567978,SETTLED,Y,800600539,IS700539,18-Jul
600540,AP600540X,265186,265186,795558,795558,SETTLED,Y,800600540,IS700540,24-Jul
600541,AP600541X,169120,169120,338240,338240,SETTLED,Y,800600541,IS700541,26-Jul
600542,AP600542X,274285,274285,548570,548570,SETTLED,Y,800600542,IS700542,30-Jul
600543,AP600543X,145259,145259,145259,145259,SETTLED,Y,800600543,IS700543,22-Jul
600544,AP600544X,292425,292425,1169700,1169700,SETTLED,Y,800600544,IS700544,18-Jul
600545,AP600545X,200834,200834,1004170,1004170,SETTLED,Y,800600545,IS700545,27-Jul
600546,AP600546X,215045,215045,430090,430090,SETTLED,Y,800600546,IS700546,26-Jul
600547,AP600547X,97405,97405,487025,487025,SETTLED,Y,800600547,IS700547,01-Aug
600548,AP600548X,119145,119145,357435,357435,SETTLED,Y,800600548,IS700548,21-Jul
600549,AP600549X,31211,31211,156055,156055,SETTLED,Y,800600549,IS700549,30-Jul
600550,AP600550X,293178,293178,1465890,1465890,SETTLED,Y,800600550,IS700550,21-Jul
600551,AP600551X,128327,128327,384981,384981,SETTLED,Y,800600551,IS700551,23-Jul
600552,AP600552X,42455,42455,169820,169820,SETTLED,Y,800600552,IS700552,28-Jul
600553,AP600553X,281827,281827,563654,563654,SETTLED,Y,800600553,IS700553,18-Jul
600554,AP600554X,198744,198744,993720,993720,SETTLED,Y,800600554,IS700554,18-Jul
600555,AP600555X,99651,99651,498255,498255,SETTLED,Y,800600555,IS700555,23-Jul
600556,AP600556X,110518,110518,331554,331554,SETTLED,Y,800600556,IS700556,26-Jul
600557,AP600557X,112048,112048,224096,224096,SETTLED,Y,800600557,IS700557,20-Jul
600558,AP600558X,128188,128188,640940,640940,SETTLED,Y,800600558,IS700558,23-Jul
600559,AP600559X,126478,126478,632390,632390,SETTLED,Y,800600559,IS700559,27-Jul
600560,AP600560X,200576,200576,802304,802304,SETTLED,Y,800600560,IS700560,28-Jul
600561,AP600561X,138133,138133,414399,414399,SETTLED,N,800600561,IS700561,01-Aug
600562,AP600562X,52699,52699,210796,210796,SETTLED,N,800600562,IS700562,27-Jul
600563,AP600563X,195356,195356,586068,586068,SETTLED,N,800600563,IS700563,30-Jul
600564,AP600564X,295924,295924,591848,591848,SETTLED,N,800600564,IS700564,21-Jul
600565,AP600565X,137720,137720,688600,688600,SETTLED,N,800600565,IS700565,30-Jul
600566,AP600566X,80907,80907,161814,161814,SETTLED,N,800600566,IS700566,27-Jul
600567,AP600567X,200145,200145,1000725,1000725,SETTLED,N,800600567,IS700567,24-Jul
600568,AP600568X,289695,289695,869085,869085,SETTLED,N,800600568,IS700568,25-Jul
600569,AP600569X,258213,258213,1032852,1032852,SETTLED,N,800600569,IS700569,22-Jul
600570,AP600570X,89743,89743,179486,179486,SETTLED,N,800600570,IS700570,01-Aug
600571,AP600571X,285235,285235,285235,285235,SETTLED,N,800600571,IS700571,18-Jul
600572,AP600572X,26435,26435,26435,26435,SETTLED,N,800600572,IS700572,30-Jul
600573,AP600573X,122337,122337,122337,122337,SETTLED,N,800600573,IS700573,21-Jul
600574,AP600574X,115672,115672,578360,578360,SETTLED,N,800600574,IS700574,31-Jul
600575,AP600575X,32693,32693,163465,163465,SETTLED,N,800600575,IS700575,01-Aug
600576,AP600576X,9247,9247,9247,9247,SETTLED,N,800600576,IS700576,30-Jul
600577,AP600577X,9769,9769,48845,48845,SETTLED,N,800600577,IS700577,25-Jul
600578,AP600578X,9987,9987,49935,49935,SETTLED,N,800600578,IS700578,30-Jul
600579,AP600579X,57107,57107,57107,57107,SETTLED,N,800600579,IS700579,21-Jul
600580,AP600580X,101627,101627,508135,508135,SETTLED,N,800600580,IS700580,25-Jul
600581,AP600581X,141155,141155,564620,564620,SETTLED,N,800600581,IS700581,19-Jul
600582,AP600582X,213875,213875,855500,855500,SETTLED,N,800600582,IS700582,24-Jul
600583,AP600583X,158273,158273,158273,158273,SETTLED,N,800600583,IS700583,18-Jul
600584,AP600584X,213482,213482,853928,853928,SETTLED,N,800600584,IS700584,29-Jul
600585,AP600585X,30420,30420,30420,30420,SETTLED,N,800600585,IS700585,22-Jul
600586,AP600586X,263069,263069,1052276,1052276,SETTLED,N,800600586,IS700586,27-Jul
600587,AP600587X,277907,277907,277907,277907,SETTLED,N,800600587,IS700587,24-Jul
600588,AP600588X,298158,298158,1192632,1192632,SETTLED,N,800600588,IS700588,25-Jul
600589,AP600589X,39979,39979,119937,119937,SETTLED,N,800600589,IS700589,18-Jul
600590,AP600590X,165880,165880,165880,165880,SETTLED,N,800600590,IS700590,23-Jul
600591,AP600591X,209821,209821,209821,209821,SETTLED,N,800600591,IS700591,26-Jul
600592,AP600592X,296676,296676,593352,593352,SETTLED,N,800600592,IS700592,29-Jul
600593,AP600593X,202245,202245,404490,404490,SETTLED,N,800600593,IS700593,19-Jul
600594,AP600594X,29152,29152,29152,29152,SETTLED,N,800600594,IS700594,30-Jul
600595,AP600595X,40855,40855,122565,122565,SETTLED,N,800600595,IS700595,29-Jul
600596,AP600596X,16532,16532,49596,49596,SETTLED,N,800600596,IS700596,31-Jul
600597,AP600597X,120610,120610,361830,361830,SETTLED,N,800600597,IS700597,29-Jul
600598,AP600598X,98380,98380,491900,491900,SETTLED,N,800600598,IS700598,29-Jul
600599,AP600599X,155863,155863,311726,311726,SETTLED,N,800600599,IS700599,19-Jul
600600,AP600600X,141494,141494,282988,282988,SETTLED,N,800600600,IS700600,29-Jul
600601,AP600601X,205274,205274,615822,615822,SETTLED,N,800600601,IS700601,28-Jul
600602,AP600602X,48983,48983,48983,48983,SETTLED,N,800600602,IS700602,26-Jul
600603,AP600603X,189700,189700,569100,569100,SETTLED,N,800600603,IS700603,20-Jul
600604,AP600604X,46768,46768,93536,93536,SETTLED,N,800600604,IS700604,30-Jul
600605,AP600605X,293020,293020,1465100,1465100,SETTLED,N,800600605,IS700605,30-Jul
600606,AP600606X,14768,14768,14768,14768,SETTLED,N,800600606,IS700606,28-Jul
600607,AP600607X,171094,171094,684376,684376,SETTLED,N,800600607,IS700607,17-Jul
600608,AP600608X,217955,217955,871820,871820,SETTLED,N,800600608,IS700608,19-Jul
600609,AP600609X,274208,274208,548416,548416,SETTLED,N,800600609,IS700609,29-Jul
600610,AP600610X,73792,73792,221376,221376,SETTLED,N,800600610,IS700610,26-Jul
600611,AP600611X,259538,259538,519076,519076,SETTLED,N,800600611,IS700611,19-Jul
600612,AP600612X,228895,228895,686685,686685,SETTLED,N,800600612,IS700612,30-Jul
600613,AP600613X,254876,254876,254876,254876,SETTLED,N,800600613,IS700613,28-Jul
600614,AP600614X,130284,130284,521136,521136,SETTLED,N,800600614,IS700614,23-Jul
600615,AP600615X,57084,57084,114168,114168,SETTLED,N,800600615,IS700615,26-Jul
600616,AP600616X,208456,208456,625368,625368,SETTLED,N,800600616,IS700616,29-Jul
600617,AP600617X,231803,231803,695409,695409,SETTLED,N,800600617,IS700617,30-Jul
600618,AP600618X,158514,158514,475542,475542,SETTLED,N,800600618,IS700618,23-Jul
600619,AP600619X,165722,165722,331444,331444,SETTLED,N,800600619,IS700619,29-Jul
600620,AP600620X,153802,153802,615208,615208,SETTLED,N,800600620,IS700620,24-Jul
600621,AP600621X,198161,198161,594483,594483,SETTLED,N,800600621,IS700621,29-Jul
600622,AP600622X,60710,60710,303550,303550,SETTLED,N,800600622,IS700622,23-Jul
600623,AP600623X,289410,289410,289410,289410,SETTLED,N,800600623,IS700623,31-Jul
600624,AP600624X,230876,230876,692628,692628,SETTLED,N,800600624,IS700624,19-Jul
600625,AP600625X,262778,262778,525556,525556,SETTLED,N,800600625,IS700625,26-Jul
600626,AP600626X,133477,133477,266954,266954,SETTLED,N,800600626,IS700626,30-Jul
600627,AP600627X,39779,39779,159116,159116,SETTLED,N,800600627,IS700627,01-Aug
600628,AP600628X,281162,281162,1405810,1405810,SETTLED,N,800600628,IS700628,30-Jul
600629,AP600629X,189496,189496,947480,947480,SETTLED,N,800600629,IS700629,19-Jul
600630,AP600630X,131144,131144,393432,393432,SETTLED,N,800600630,IS700630,22-Jul
600631,AP600631X,296289,296289,1185156,1185156,SETTLED,N,800600631,IS700631,27-Jul
600632,AP600632X,56545,56545,56545,56545,SETTLED,N,800600632,IS700632,20-Jul
600633,AP600633X,117392,117392,586960,586960,SETTLED,N,800600633,IS700633,24-Jul
600634,AP600634X,197146,197146,788584,788584,SETTLED,N,800600634,IS700634,31-Jul
600635,AP600635X,181862,181862,181862,181862,SETTLED,N,800600635,IS700635,01-Aug
600636,AP600636X,155891,155891,623564,623564,SETTLED,N,800600636,IS700636,19-Jul
600637,AP600637X,75278,75278,225834,225834,SETTLED,N,800600637,IS700637,26-Jul
600638,AP600638X,239725,239725,479450,479450,SETTLED,N,800600638,IS700638,01-Aug
600639,AP600639X,250646,250646,250646,250646,SETTLED,N,800600639,IS700639,31-Jul
600640,AP600640X,168200,168200,168200,168200,SETTLED,N,800600640,IS700640,26-Jul
600641,AP600641X,61337,61337,61337,61337,SETTLED,N,800600641,IS700641,27-Jul
600642,AP600642X,87168,87168,174336,174336,SETTLED,N,800600642,IS700642,22-Jul
600643,AP600643X,174533,174533,872665,872665,SETTLED,N,800600643,IS700643,30-Jul
600644,AP600644X,122559,122559,490236,490236,SETTLED,N,800600644,IS700644,22-Jul
600645,AP600645X,227562,227562,910248,910248,SETTLED,N,800600645,IS700645,17-Jul
600646,AP600646X,236706,236706,1183530,1183530,SETTLED,N,800600646,IS700646,30-Jul
600647,AP600647X,3333,3333,6666,6666,SETTLED,N,800600647,IS700647,23-Jul
600648,AP600648X,33801,33801,169005,169005,SETTLED,N,800600648,IS700648,20-Jul
600649,AP600649X,192780,192780,578340,578340,SETTLED,N,800600649,IS700649,23-Jul
600650,AP600650X,60745,60745,182235,182235,SETTLED,N,800600650,IS700650,01-Aug
600651,AP600651X,204758,204758,1023790,1023790,SETTLED,N,800600651,IS700651,29-Jul
600652,AP600652X,183412,183412,550236,550236,SETTLED,N,800600652,IS700652,31-Jul
600653,AP600653X,156946,156946,784730,784730,SETTLED,N,800600653,IS700653,19-Jul
600654,AP600654X,165199,165199,165199,165199,SETTLED,N,800600654,IS700654,24-Jul
600655,AP600655X,62314,62314,124628,124628,SETTLED,N,800600655,IS700655,28-Jul
600656,AP600656X,268819,268819,1075276,1075276,SETTLED,N,800600656,IS700656,30-Jul
600657,AP600657X,202174,202174,808696,808696,SETTLED,N,800600657,IS700657,22-Jul
600658,AP600658X,282741,282741,565482,565482,SETTLED,N,800600658,IS700658,22-Jul
600659,AP600659X,152432,152432,304864,304864,SETTLED,N,800600659,IS700659,22-Jul
600660,AP600660X,237454,237454,1187270,1187270,SETTLED,N,800600660,IS700660,18-Jul
600661,AP600661X,6024,6024,24096,24096,SETTLED,N,800600661,IS700661,21-Jul
600662,AP600662X,202297,202297,1011485,1011485,SETTLED,N,800600662,IS700662,01-Aug
600663,AP600663X,258805,258805,1035220,1035220,SETTLED,N,800600663,IS700663,31-Jul
600664,AP600664X,88688,88688,88688,88688,SETTLED,N,800600664,IS700664,17-Jul
600665,AP600665X,154139,154139,154139,154139,SETTLED,N,800600665,IS700665,25-Jul
600666,AP600666X,282861,282861,848583,848583,SETTLED,N,800600666,IS700666,22-Jul
600667,AP600667X,297563,297563,1190252,1190252,SETTLED,N,800600667,IS700667,20-Jul
600668,AP600668X,141450,141450,707250,707250,SETTLED,N,800600668,IS700668,28-Jul
600669,AP600669X,232403,232403,1162015,1162015,SETTLED,N,800600669,IS700669,23-Jul
600670,AP600670X,54695,54695,109390,109390,SETTLED,N,800600670,IS700670,26-Jul
600671,AP600671X,236789,236789,710367,710367,SETTLED,N,800600671,IS700671,28-Jul
600672,AP600672X,231199,231199,231199,231199,SETTLED,N,800600672,IS700672,24-Jul
600673,AP600673X,184831,184831,924155,924155,SETTLED,N,800600673,IS700673,30-Jul
600674,AP600674X,73999,73999,147998,147998,SETTLED,N,800600674,IS700674,23-Jul
600675,AP600675X,299883,299883,899649,899649,SETTLED,N,800600675,IS700675,25-Jul
600676,AP600676X,170687,170687,512061,512061,SETTLED,N,800600676,IS700676,26-Jul
600677,AP600677X,270701,270701,270701,270701,SETTLED,N,800600677,IS700677,21-Jul
600678,AP600678X,32082,32082,96246,96246,SETTLED,N,800600678,IS700678,21-Jul
600679,AP600679X,131902,131902,263804,263804,SETTLED,N,800600679,IS700679,27-Jul
600680,AP600680X,206888,206888,827552,827552,SETTLED,N,800600680,IS700680,21-Jul
600681,AP600681X,218173,218173,872692,872692,SETTLED,N,800600681,IS700681,31-Jul
600682,AP600682X,49808,49808,199232,199232,SETTLED,N,800600682,IS700682,25-Jul
600683,AP600683X,239391,239391,957564,957564,SETTLED,N,800600683,IS700683,27-Jul
600684,AP600684X,49833,49833,199332,199332,SETTLED,N,800600684,IS700684,28-Jul
600685,AP600685X,281192,281192,1124768,1124768,SETTLED,N,800600685,IS700685,23-Jul
600686,AP600686X,112071,112071,448284,448284,SETTLED,N,800600686,IS700686,25-Jul
600687,AP600687X,149684,149684,449052,449052,SETTLED,N,800600687,IS700687,21-Jul
600688,AP600688X,181218,181218,181218,181218,SETTLED,N,800600688,IS700688,18-Jul
600689,AP600689X,241953,241953,241953,241953,SETTLED,N,800600689,IS700689,20-Jul
600690,AP600690X,232360,232360,929440,929440,SETTLED,N,800600690,IS700690,17-Jul
600691,AP600691X,107073,107073,214146,214146,SETTLED,N,800600691,IS700691,26-Jul
600692,AP600692X,144665,144665,144665,144665,SETTLED,N,800600692,IS700692,28-Jul
600693,AP600693X,44212,44212,132636,132636,SETTLED,N,800600693,IS700693,22-Jul
600694,AP600694X,208797,208797,626391,626391,SETTLED,N,800600694,IS700694,24-Jul
600695,AP600695X,48814,48814,48814,48814,SETTLED,N,800600695,IS700695,17-Jul
600696,AP600696X,250984,250984,250984,250984,SETTLED,N,800600696,IS700696,21-Jul
600697,AP600697X,273338,273338,1093352,1093352,SETTLED,N,800600697,IS700697,17-Jul
600698,AP600698X,181131,181131,181131,181131,SETTLED,N,800600698,IS700698,30-Jul
600699,AP600699X,251452,251452,251452,251452,SETTLED,N,800600699,IS700699,24-Jul
600751,AP600751X,49772,24886,49772,24886,PARTIALLY SETTLED,N,800600751,IS700751,24-Jul
600752,AP600752X,196293,98146,785172,392586,PARTIALLY SETTLED,N,800600752,IS700752,19-Jul
600753,AP600753X,265989,132994,531978,265989,PARTIALLY SETTLED,N,800600753,IS700753,29-Jul
600754,AP600754X,298701,149350,298701,149350,PARTIALLY SETTLED,N,800600754,IS700754,30-Jul
600755,AP600755X,125136,62568,375408,187704,PARTIALLY SETTLED,N,800600755,IS700755,25-Jul
600756,AP600756X,207020,103510,621060,310530,PARTIALLY SETTLED,N,800600756,IS700756,27-Jul
600757,AP600757X,143583,71791,287166,143583,PARTIALLY SETTLED,N,800600757,IS700757,19-Jul
600758,AP600758X,72361,36180,361805,180902,PARTIALLY SETTLED,N,800600758,IS700758,20-Jul
600759,AP600759X,56395,28197,112790,56395,PARTIALLY SETTLED,N,800600759,IS700759,31-Jul
600760,AP600760X,165643,82821,662572,331286,PARTIALLY SETTLED,N,800600760,IS700760,20-Jul
600761,AP600761X,109861,54930,439444,219722,PARTIALLY SETTLED,N,800600761,IS700761,26-Jul
600762,AP600762X,139940,69970,139940,69970,PARTIALLY SETTLED,N,800600762,IS700762,19-Jul
600763,AP600763X,160496,80248,802480,401240,PARTIALLY SETTLED,N,800600763,IS700763,18-Jul
600764,AP600764X,172858,86429,345716,172858,PARTIALLY SETTLED,N,800600764,IS700764,19-Jul
600765,AP600765X,187511,93755,750044,375022,PARTIALLY SETTLED,N,800600765,IS700765,18-Jul
600766,AP600766X,137402,68701,274804,137402,PARTIALLY SETTLED,N,800600766,IS700766,17-Jul
600767,AP600767X,238083,119041,1190415,595207,PARTIALLY SETTLED,N,800600767,IS700767,24-Jul
600768,AP600768X,243243,121621,243243,121621,PARTIALLY SETTLED,N,800600768,IS700768,21-Jul
600769,AP600769X,7268,3634,7268,3634,PARTIALLY SETTLED,N,800600769,IS700769,24-Jul
600770,AP600770X,104878,52439,419512,209756,PARTIALLY SETTLED,N,800600770,IS700770,28-Jul
600771,AP600771X,136696,68348,136696,68348,PARTIALLY SETTLED,N,800600771,IS700771,17-Jul
600772,AP600772X,104678,52339,418712,209356,PARTIALLY SETTLED,N,800600772,IS700772,21-Jul
600773,AP600773X,174827,87413,174827,87413,PARTIALLY SETTLED,N,800600773,IS700773,18-Jul
600774,AP600774X,27548,13774,55096,27548,PARTIALLY SETTLED,N,800600774,IS700774,30-Jul
600775,AP600775X,261113,130556,261113,130556,PARTIALLY SETTLED,N,800600775,IS700775,29-Jul
600776,AP600776X,91600,45800,274800,137400,PARTIALLY SETTLED,N,800600776,IS700776,23-Jul
600777,AP600777X,145169,72584,435507,217753,PARTIALLY SETTLED,N,800600777,IS700777,31-Jul
600778,AP600778X,19166,9583,95830,47915,PARTIALLY SETTLED,N,800600778,IS700778,24-Jul
600779,AP600779X,262562,131281,1050248,525124,PARTIALLY SETTLED,N,800600779,IS700779,01-Aug
600780,AP600780X,46991,23495,140973,70486,PARTIALLY SETTLED,N,800600780,IS700780,29-Jul
600781,AP600781X,220799,110399,441598,220799,PARTIALLY SETTLED,N,800600781,IS700781,24-Jul
600782,AP600782X,201539,100769,604617,302308,PARTIALLY SETTLED,N,800600782,IS700782,01-Aug
600783,AP600783X,181372,90686,906860,453430,PARTIALLY SETTLED,N,800600783,IS700783,27-Jul
600784,AP600784X,142786,71393,285572,142786,PARTIALLY SETTLED,N,800600784,IS700784,17-Jul
600785,AP600785X,115829,57914,115829,57914,PARTIALLY SETTLED,N,800600785,IS700785,25-Jul
600786,AP600786X,248298,124149,1241490,620745,PARTIALLY SETTLED,N,800600786,IS700786,28-Jul
600787,AP600787X,84689,42344,84689,42344,PARTIALLY SETTLED,N,800600787,IS700787,24-Jul
600788,AP600788X,140736,70368,703680,351840,PARTIALLY SETTLED,N,800600788,IS700788,18-Jul
600789,AP600789X,204645,102322,613935,306967,PARTIALLY SETTLED,N,800600789,IS700789,22-Jul
600790,AP600790X,125020,62510,625100,312550,PARTIALLY SETTLED,N,800600790,IS700790,27-Jul
600841,AP600841M,102043,102043,204086,204086,SETTLED,N,800600841,IS700841,18-Jul
600842,AP600842M,42087,42087,168348,168348,SETTLED,N,800600842,IS700842,23-Jul
600843,AP600843M,136206,136206,408618,408618,SETTLED,N,800600843,IS700843,19-Jul
600844,AP600844M,204475,204475,1022375,1022375,SETTLED,N,800600844,IS700844,29-Jul
600845,AP600845M,145808,145808,729040,729040,SETTLED,N,800600845,IS700845,31-Jul
600846,AP600846M,274972,274972,1099888,1099888,SETTLED,N,800600846,IS700846,20-Jul
600847,AP600847M,79455,79455,158910,158910,SETTLED,N,800600847,IS700847,20-Jul
600848,AP600848M,296008,296008,296008,296008,SETTLED,N,800600848,IS700848,26-Jul
600849,AP600849M,216424,216424,649272,649272,SETTLED,N,800600849,IS700849,29-Jul
600850,AP600850M,249012,249012,249012,249012,SETTLED,N,800600850,IS700850,22-Jul
600851,AP600851M,212274,212274,424548,424548,SETTLED,N,800600851,IS700851,29-Jul
600852,AP600852M,208509,208509,625527,625527,SETTLED,N,800600852,IS700852,24-Jul
600853,AP600853M,250151,250151,750453,750453,SETTLED,N,800600853,IS700853,28-Jul
600854,AP600854M,178139,178139,534417,534417,SETTLED,N,800600854,IS700854,26-Jul
600855,AP600855M,258750,258750,258750,258750,SETTLED,N,800600855,IS700855,24-Jul
600856,AP600856M,158538,158538,634152,634152,SETTLED,N,800600856,IS700856,27-Jul
600857,AP600857M,219508,219508,1097540,1097540,SETTLED,N,800600857,IS700857,19-Jul
600858,AP600858M,232586,232586,465172,465172,SETTLED,N,800600858,IS700858,30-Jul
600859,AP600859M,271795,271795,815385,815385,SETTLED,N,800600859,IS700859,18-Jul
600860,AP600860M,35402,35402,106206,106206,SETTLED,N,800600860,IS700860,29-Jul
600861,AP600861M,275876,275876,1379380,1379380,SETTLED,N,800600861,IS700861,17-Jul
600862,AP600862M,102063,102063,204126,204126,SETTLED,N,800600862,IS700862,18-Jul
600863,AP600863M,18338,18338,73352,73352,SETTLED,N,800600863,IS700863,18-Jul
600864,AP600864M,105390,105390,316170,316170,SETTLED,N,800600864,IS700864,28-Jul
600865,AP600865M,265831,265831,1063324,1063324,SETTLED,N,800600865,IS700865,20-Jul
600866,AP600866M,127845,127845,383535,383535,SETTLED,N,800600866,IS700866,01-Aug
600867,AP600867M,94104,94104,376416,376416,SETTLED,N,800600867,IS700867,28-Jul
600868,AP600868M,86728,86728,260184,260184,SETTLED,N,800600868,IS700868,19-Jul
600869,AP600869M,15391,15391,61564,61564,SETTLED,N,800600869,IS700869,18-Jul
600870,AP600870M,113364,113364,226728,226728,SETTLED,N,800600870,IS700870,24-Jul
600871,AP600871M,142077,142077,568308,568308,SETTLED,N,800600871,IS700871,17-Jul
600872,AP600872M,249563,249563,499126,499126,SETTLED,N,800600872,IS700872,22-Jul
600873,AP600873M,118319,118319,354957,354957,SETTLED,N,800600873,IS700873,26-Jul
600874,AP600874M,223196,223196,892784,892784,SETTLED,N,800600874,IS700874,28-Jul
600875,AP600875M,133119,133119,266238,266238,SETTLED,N,800600875,IS700875,31-Jul
600876,AP600876M,273964,273964,1369820,1369820,SETTLED,N,800600876,IS700876,29-Jul
600877,AP600877M,4852,4852,24260,24260,SETTLED,N,800600877,IS700877,28-Jul
600878,AP600878M,157487,157487,157487,157487,SETTLED,N,800600878,IS700878,01-Aug
600879,AP600879M,177309,177309,531927,531927,SETTLED,N,800600879,IS700879,27-Jul
600880,AP600880M,137916,137916,413748,413748,SETTLED,N,800600880,IS700880,23-Jul
600881,AP600881M,272210,272210,544420,544420,SETTLED,N,800600881,IS700881,18-Jul
600882,AP600882M,168554,168554,337108,337108,SETTLED,N,800600882,IS700882,17-Jul
600883,AP600883M,155981,155981,467943,467943,SETTLED,N,800600883,IS700883,30-Jul
600884,AP600884M,204567,204567,204567,204567,SETTLED,N,800600884,IS700884,23-Jul
600885,AP600885M,117582,117582,587910,587910,SETTLED,N,800600885,IS700885,01-Aug
600886,AP600886M,266979,266979,800937,800937,SETTLED,N,800600886,IS700886,22-Jul
600887,AP600887M,155027,155027,155027,155027,SETTLED,N,800600887,IS700887,01-Aug
600888,AP600888M,136608,136608,683040,683040,SETTLED,N,800600888,IS700888,22-Jul
600889,AP600889M,47818,47818,95636,95636,SETTLED,N,800600889,IS700889,28-Jul
600890,AP600890M,162001,162001,648004,648004,SETTLED,N,800600890,IS700890,27-Jul
600891,AP600891M,137608,137608,688040,688040,SETTLED,N,800600891,IS700891,26-Jul
600892,AP600892M,62751,62751,251004,251004,SETTLED,N,800600892,IS700892,18-Jul
600893,AP600893M,248579,248579,497158,497158,SETTLED,N,800600893,IS700893,20-Jul
600894,AP600894M,278787,278787,836361,836361,SETTLED,N,800600894,IS700894,30-Jul
600895,AP600895M,80051,80051,160102,160102,SETTLED,N,800600895,IS700895,23-Jul
600896,AP600896M,215534,215534,1077670,1077670,SETTLED,N,800600896,IS700896,31-Jul
600897,AP600897M,166876,166876,333752,333752,SETTLED,N,800600897,IS700897,19-Jul
600898,AP600898M,175393,175393,350786,350786,SETTLED,N,800600898,IS700898,27-Jul
600899,AP600899M,3471,3471,13884,13884,SETTLED,N,800600899,IS700899,25-Jul
600900,AP600900M,89397,89397,446985,446985,SETTLED,N,800600900,IS700900,22-Jul
600901,AP600901M,47159,47159,94318,94318,SETTLED,N,800600901,IS700901,30-Jul
600902,AP600902M,212494,212494,849976,849976,SETTLED,N,800600902,IS700902,01-Aug
600903,AP600903M,3447,3447,3447,3447,SETTLED,N,800600903,IS700903,23-Jul
600904,AP600904M,8380,8380,25140,25140,SETTLED,N,800600904,IS700904,23-Jul
600905,AP600905M,3162,3162,6324,6324,SETTLED,N,800600905,IS700905,24-Jul
600906,AP600906M,164626,164626,329252,329252,SETTLED,N,800600906,IS700906,20-Jul
600907,AP600907M,264893,264893,1324465,1324465,SETTLED,N,800600907,IS700907,26-Jul
600908,AP600908M,35229,35229,35229,35229,SETTLED,N,800600908,IS700908,26-Jul
600909,AP600909M,240036,240036,1200180,1200180,SETTLED,N,800600909,IS700909,27-Jul
600910,AP600910M,71144,71144,213432,213432,SETTLED,N,800600910,IS700910,01-Aug
600911,AP600911M,99789,99789,199578,199578,SETTLED,N,800600911,IS700911,29-Jul
600912,AP600912M,120756,120756,241512,241512,SETTLED,N,800600912,IS700912,21-Jul
600913,AP600913M,12488,12488,62440,62440,SETTLED,N,800600913,IS700913,22-Jul
600914,AP600914M,193199,193199,193199,193199,SETTLED,N,800600914,IS700914,29-Jul
600915,AP600915M,281354,281354,1406770,1406770,SETTLED,N,800600915,IS700915,18-Jul
600916,AP600916M,57682,57682,57682,57682,SETTLED,N,800600916,IS700916,18-Jul
600917,AP600917M,219510,219510,878040,878040,SETTLED,N,800600917,IS700917,29-Jul
600918,AP600918M,287933,287933,863799,863799,SETTLED,N,800600918,IS700918,01-Aug
600919,AP600919M,108738,108738,108738,108738,SETTLED,N,800600919,IS700919,26-Jul
600920,AP600920M,53942,53942,269710,269710,SETTLED,N,800600920,IS700920,25-Jul
600921,AP600921M,220585,220585,220585,220585,SETTLED,N,800600921,IS700921,20-Jul
600922,AP600922M,60775,60775,60775,60775,SETTLED,N,800600922,IS700922,01-Aug
600923,AP600923M,105726,105726,317178,317178,SETTLED,N,800600923,IS700923,23-Jul
600924,AP600924M,215830,215830,647490,647490,SETTLED,N,800600924,IS700924,22-Jul
600925,AP600925M,288382,288382,1153528,1153528,SETTLED,N,800600925,IS700925,23-Jul
600926,AP600926M,174331,174331,348662,348662,SETTLED,N,800600926,IS700926,17-Jul
600927,AP600927M,47663,47663,47663,47663,SETTLED,N,800600927,IS700927,01-Aug
600928,AP600928M,48229,48229,241145,241145,SETTLED,N,800600928,IS700928,19-Jul
600929,AP600929M,135161,135161,270322,270322,SETTLED,N,800600929,IS700929,31-Jul
600930,AP600930M,139477,139477,557908,557908,SETTLED,N,800600930,IS700930,18-Jul
600931,AP600931M,92594,92594,92594,92594,SETTLED,N,800600931,IS700931,26-Jul
600932,AP600932M,164948,164948,659792,659792,SETTLED,N,800600932,IS700932,20-Jul
600933,AP600933M,25059,25059,25059,25059,SETTLED,N,800600933,IS700933,21-Jul
600934,AP600934M,173312,173312,519936,519936,SETTLED,N,800600934,IS700934,31-Jul
600935,AP600935M,49733,49733,149199,149199,SETTLED,N,800600935,IS700935,27-Jul
600936,AP600936M,60680,60680,242720,242720,SETTLED,N,800600936,IS700936,29-Jul
600937,AP600937M,143518,143518,574072,574072,SETTLED,N,800600937,IS700937,01-Aug
600938,AP600938M,88440,88440,88440,88440,SETTLED,N,800600938,IS700938,21-Jul
600939,AP600939M,84569,84569,84569,84569,SETTLED,N,800600939,IS700939,30-Jul
600940,AP600940M,299290,299290,1197160,1197160,SETTLED,N,800600940,IS700940,22-Jul
600941,AP600941M,189009,189009,945045,945045,SETTLED,N,800600941,IS700941,17-Jul
600942,AP600942M,254272,254272,1017088,1017088,SETTLED,N,800600942,IS700942,20-Jul
600943,AP600943M,232047,232047,232047,232047,SETTLED,N,800600943,IS700943,19-Jul
600944,AP600944M,165751,165751,165751,165751,SETTLED,N,800600944,IS700944,24-Jul
600945,AP600945M,273157,273157,1365785,1365785,SETTLED,N,800600945,IS700945,20-Jul
600946,AP600946M,131325,131325,525300,525300,SETTLED,N,800600946,IS700946,28-Jul
600947,AP600947M,78937,78937,394685,394685,SETTLED,N,800600947,IS700947,18-Jul
600948,AP600948M,83275,83275,416375,416375,SETTLED,N,800600948,IS700948,01-Aug
600949,AP600949M,87719,87719,87719,87719,SETTLED,N,800600949,IS700949,01-Aug
600950,AP600950M,127296,127296,381888,381888,SETTLED,N,800600950,IS700950,25-Jul
600951,AP600951M,266776,266776,533552,533552,SETTLED,N,800600951,IS700951,29-Jul
600952,AP600952M,124207,124207,124207,124207,SETTLED,N,800600952,IS700952,31-Jul
600953,AP600953M,235932,235932,235932,235932,SETTLED,N,800600953,IS700953,01-Aug
600954,AP600954M,166707,166707,166707,166707,SETTLED,N,800600954,IS700954,01-Aug
600955,AP600955M,54814,54814,219256,219256,SETTLED,N,800600955,IS700955,30-Jul
600956,AP600956M,293097,293097,1465485,1465485,SETTLED,N,800600956,IS700956,17-Jul
600957,AP600957M,160697,160697,803485,803485,SETTLED,N,800600957,IS700957,23-Jul
600958,AP600958M,179705,179705,539115,539115,SETTLED,N,800600958,IS700958,18-Jul
600959,AP600959M,239267,239267,717801,717801,SETTLED,N,800600959,IS700959,01-Aug
600960,AP600960M,238257,238257,238257,238257,SETTLED,N,800600960,IS700960,20-Jul
600961,AP600961M,2151,2151,6453,6453,SETTLED,N,800600961,IS700961,28-Jul
600962,AP600962M,288147,288147,1440735,1440735,SETTLED,N,800600962,IS700962,28-Jul
600963,AP600963M,25000,25000,50000,50000,SETTLED,N,800600963,IS700963,01-Aug
600964,AP600964M,215544,215544,215544,215544,SETTLED,N,800600964,IS700964,25-Jul
600965,AP600965M,99326,99326,99326,99326,SETTLED,N,800600965,IS700965,29-Jul
600966,AP600966M,240623,240623,481246,481246,SETTLED,N,800600966,IS700966,27-Jul
600967,AP600967M,218301,218301,218301,218301,SETTLED,N,800600967,IS700967,20-Jul
600968,AP600968M,240802,240802,1204010,1204010,SETTLED,N,800600968,IS700968,21-Jul
600969,AP600969M,3274,3274,16370,16370,SETTLED,N,800600969,IS700969,18-Jul
600970,AP600970M,254195,254195,1270975,1270975,SETTLED,N,800600970,IS700970,22-Jul
600971,AP600971M,68309,68309,68309,68309,SETTLED,N,800600971,IS700971,29-Jul
600972,AP600972M,265298,265298,1061192,1061192,SETTLED,N,800600972,IS700972,30-Jul
600973,AP600973M,144443,144443,577772,577772,SETTLED,N,800600973,IS700973,27-Jul
600974,AP600974M,238421,238421,476842,476842,SETTLED,N,800600974,IS700974,21-Jul
600975,AP600975M,269589,269589,808767,808767,SETTLED,N,800600975,IS700975,27-Jul
600976,AP600976M,106323,106323,212646,212646,SETTLED,N,800600976,IS700976,26-Jul
600977,AP600977M,70558,70558,141116,141116,SETTLED,N,800600977,IS700977,27-Jul
600978,AP600978M,185674,185674,928370,928370,SETTLED,N,800600978,IS700978,01-Aug
600979,AP600979M,280918,280918,842754,842754,SETTLED,N,800600979,IS700979,30-Jul
600980,AP600980M,275061,275061,275061,275061,SETTLED,N,800600980,IS700980,17-Jul
600981,AP600981M,77193,77193,77193,77193,SETTLED,N,800600981,IS700981,18-Jul
600982,AP600982M,140973,140973,281946,281946,SETTLED,N,800600982,IS700982,26-Jul
600983,AP600983M,77770,77770,77770,77770,SETTLED,N,800600983,IS700983,26-Jul
600984,AP600984M,284730,284730,284730,284730,SETTLED,N,800600984,IS700984,28-Jul
600985,AP600985M,54729,54729,273645,273645,SETTLED,N,800600985,IS700985,24-Jul
600986,AP600986M,125568,125568,627840,627840,SETTLED,N,800600986,IS700986,26-Jul
600987,AP600987M,201059,201059,804236,804236,SETTLED,N,800600987,IS700987,30-Jul
600988,AP600988M,290472,290472,290472,290472,SETTLED,N,800600988,IS700988,17-Jul
600989,AP600989M,107476,107476,537380,537380,SETTLED,N,800600989,IS700989,31-Jul
600990,AP600990M,193802,193802,969010,969010,SETTLED,N,800600990,IS700990,23-Jul
600991,AP600991M,155233,155233,620932,620932,SETTLED,N,800600991,IS700991,22-Jul
600992,AP600992M,99029,99029,198058,198058,SETTLED,N,800600992,IS700992,20-Jul
600993,AP600993M,22304,22304,89216,89216,SETTLED,N,800600993,IS700993,25-Jul
600994,AP600994M,69192,69192,138384,138384,SETTLED,N,800600994,IS700994,25-Jul
600995,AP600995M,174310,174310,697240,697240,SETTLED,N,800600995,IS700995,21-Jul
600996,AP600996M,81584,81584,244752,244752,SETTLED,N,800600996,IS700996,18-Jul
600997,AP600997M,258189,258189,1290945,1290945,SETTLED,N,800600997,IS700997,28-Jul
600998,AP600998M,167649,167649,838245,838245,SETTLED,N,800600998,IS700998,24-Jul
600999,AP600999M,273947,273947,273947,273947,SETTLED,N,800600999,IS700999,22-Jul
601000,AP601000M,285730,285730,1428650,1428650,SETTLED,N,800601000,IS701000,29-Jul