TransactionRef,Swiftref,TradeType,TradeStatus,SettlementStatus,Quantity,Amount,ValueDate,TradeDate,Open Quantity,Open Amount,Security ISIN,Balance_Pool,Trade Type (Buy/Sell),Department
600001,CP600001X,PRINCIPLE,NEW,SETTLED,59369,59369,46228,46226,0,0,IS700001,800600001,Buy,B
600002,CP600002X,PRINCIPLE,NEW,SETTLED,118026,236052,46223,46221,0,0,IS700002,800600002,Buy,C
600003,CP600003X,PRINCIPLE,NEW,SETTLED,222208,222208,46220,46218,0,0,IS700003,800600003,Buy,B
600004,CP600004X,PRINCIPLE,NEW,SETTLED,115629,231258,46220,46218,0,0,IS700004,800600004,Buy,A
600005,CP600005X,PRINCIPLE,NEW,SETTLED,286706,1146824,46227,46225,0,0,IS700005,800600005,Sell,A
600006,CP600006X,PRINCIPLE,NEW,SETTLED,146852,146852,46225,46223,0,0,IS700006,800600006,Sell,C
600007,CP600007X,PRINCIPLE,NEW,SETTLED,179389,538167,46224,46222,0,0,IS700007,800600007,Buy,B
600008,CP600008X,PRINCIPLE,NEW,SETTLED,177472,177472,46222,46220,0,0,IS700008,800600008,Sell,B
600009,CP600009X,PRINCIPLE,NEW,SETTLED,51707,155121,46231,46229,0,0,IS700009,800600009,Sell,B
600010,CP600010X,PRINCIPLE,NEW,SETTLED,23780,95120,46223,46221,0,0,IS700010,800600010,Sell,C
600011,CP600011X,PRINCIPLE,NEW,SETTLED,42313,211565,46229,46227,0,0,IS700011,800600011,Sell,B
600012,CP600012X,PRINCIPLE,NEW,SETTLED,101814,101814,46221,46219,0,0,IS700012,800600012,Buy,A
600013,CP600013X,PRINCIPLE,NEW,SETTLED,152722,152722,46227,46225,0,0,IS700013,800600013,Buy,B
600014,CP600014X,PRINCIPLE,NEW,SETTLED,200295,600885,46234,46232,0,0,IS700014,800600014,Sell,A
600015,CP600015X,PRINCIPLE,NEW,SETTLED,86277,258831,46231,46229,0,0,IS700015,800600015,Buy,B
600016,CP600016X,PRINCIPLE,NEW,SETTLED,140973,140973,46225,46223,0,0,IS700016,800600016,Buy,C
600017,CP600017X,PRINCIPLE,NEW,SETTLED,86669,346676,46232,46230,0,0,IS700017,800600017,Sell,A
600018,CP600018X,PRINCIPLE,NEW,SETTLED,293002,586004,46230,46228,0,0,IS700018,800600018,Buy,A
600019,CP600019X,PRINCIPLE,NEW,SETTLED,121087,121087,46230,46228,0,0,IS700019,800600019,Sell,C
600020,CP600020X,PRINCIPLE,NEW,SETTLED,141373,141373,46226,46224,0,0,IS700020,800600020,Sell,B
600021,CP600021X,PRINCIPLE,NEW,SETTLED,112477,449908,46232,46230,0,0,IS700021,800600021,Sell,C
600022,CP600022X,PRINCIPLE,NEW,SETTLED,75905,227715,46224,46222,0,0,IS700022,800600022,Buy,A
600023,CP600023X,PRINCIPLE,NEW,SETTLED,295318,1476590,46228,46226,0,0,IS700023,800600023,Sell,A
600024,CP600024X,PRINCIPLE,NEW,SETTLED,210400,631200,46227,46225,0,0,IS700024,800600024,Buy,C
600025,CP600025X,PRINCIPLE,NEW,SETTLED,268138,1072552,46222,46220,0,0,IS700025,800600025,Buy,A
600026,CP600026X,PRINCIPLE,NEW,SETTLED,58487,116974,46225,46223,0,0,IS700026,800600026,Sell,B
600027,CP600027X,PRINCIPLE,NEW,SETTLED,34306,137224,46232,46230,0,0,IS700027,800600027,Sell,C
600028,CP600028X,PRINCIPLE,NEW,SETTLED,278408,835224,46220,46218,0,0,IS700028,800600028,Buy,B
600029,CP600029X,PRINCIPLE,NEW,SETTLED,282527,847581,46230,46228,0,0,IS700029,800600029,Buy,B
600030,CP600030X,PRINCIPLE,NEW,SETTLED,154878,619512,46225,46223,0,0,IS700030,800600030,Sell,B
600031,CP600031X,PRINCIPLE,NEW,SETTLED,2701,8103,46225,46223,0,0,IS700031,800600031,Buy,A
600032,CP600032X,PRINCIPLE,NEW,SETTLED,157471,787355,46226,46224,0,0,IS700032,800600032,Buy,B
600033,CP600033X,PRINCIPLE,NEW,SETTLED,197038,394076,46220,46218,0,0,IS700033,800600033,Sell,A
600034,CP600034X,PRINCIPLE,NEW,SETTLED,257170,257170,46223,46221,0,0,IS700034,800600034,Sell,A
600035,CP600035X,PRINCIPLE,NEW,SETTLED,162225,324450,46221,46219,0,0,IS700035,800600035,Buy,A
600036,CP600036X,PRINCIPLE,NEW,SETTLED,298458,298458,46222,46220,0,0,IS700036,800600036,Sell,C
600037,CP600037X,PRINCIPLE,NEW,SETTLED,37287,186435,46224,46222,0,0,IS700037,800600037,Buy,C
600038,CP600038X,PRINCIPLE,NEW,SETTLED,250184,1250920,46225,46223,0,0,IS700038,800600038,Sell,B
600039,CP600039X,PRINCIPLE,NEW,SETTLED,277653,1388265,46233,46231,0,0,IS700039,800600039,Buy,B
600040,CP600040X,PRINCIPLE,NEW,SETTLED,283746,567492,46229,46227,0,0,IS700040,800600040,Sell,A
600041,CP600041X,PRINCIPLE,NEW,SETTLED,196779,787116,46234,46232,0,0,IS700041,800600041,Buy,B
600042,CP600042X,PRINCIPLE,NEW,SETTLED,130973,261946,46222,46220,0,0,IS700042,800600042,Sell,A
600043,CP600043X,PRINCIPLE,NEW,SETTLED,12028,60140,46227,46225,0,0,IS700043,800600043,Buy,C
600044,CP600044X,PRINCIPLE,NEW,SETTLED,4770,4770,46221,46219,0,0,IS700044,800600044,Buy,C
600045,CP600045X,PRINCIPLE,NEW,SETTLED,36337,36337,46230,46228,0,0,IS700045,800600045,Buy,A
600046,CP600046X,PRINCIPLE,NEW,SETTLED,270565,541130,46228,46226,0,0,IS700046,800600046,Sell,C
600047,CP600047X,PRINCIPLE,NEW,SETTLED,113321,566605,46224,46222,0,0,IS700047,800600047,Sell,C
600048,CP600048X,PRINCIPLE,NEW,SETTLED,128400,513600,46233,46231,0,0,IS700048,800600048,Buy,C
600049,CP600049X,PRINCIPLE,NEW,SETTLED,50453,50453,46233,46231,0,0,IS700049,800600049,Sell,B
600050,CP600050X,PRINCIPLE,NEW,SETTLED,223077,892308,46234,46232,0,0,IS700050,800600050,Buy,C
600051,CP600051X,PRINCIPLE,NEW,SETTLED,52599,52599,46232,46230,0,0,IS700051,800600051,Sell,A
600052,CP600052X,PRINCIPLE,NEW,SETTLED,58288,116576,46226,46224,0,0,IS700052,800600052,Buy,C
600053,CP600053X,PRINCIPLE,NEW,SETTLED,282168,1128672,46224,46222,0,0,IS700053,800600053,Sell,A
600054,CP600054X,PRINCIPLE,NEW,SETTLED,97200,291600,46234,46232,0,0,IS700054,800600054,Buy,C
600055,CP600055X,PRINCIPLE,NEW,SETTLED,40523,162092,46223,46221,0,0,IS700055,800600055,Buy,A
600056,CP600056X,PRINCIPLE,NEW,SETTLED,284423,284423,46222,46220,0,0,IS700056,800600056,Buy,A
600057,CP600057X,PRINCIPLE,NEW,SETTLED,88194,352776,46235,46233,0,0,IS700057,800600057,Sell,A
600058,CP600058X,PRINCIPLE,NEW,SETTLED,113065,452260,46221,46219,0,0,IS700058,800600058,Buy,A
600059,CP600059X,PRINCIPLE,NEW,SETTLED,199691,199691,46232,46230,0,0,IS700059,800600059,Sell,A
600060,CP600060X,PRINCIPLE,NEW,SETTLED,239555,718665,46233,46231,0,0,IS700060,800600060,Sell,C
600061,CP600061X,PRINCIPLE,NEW,SETTLED,82158,164316,46229,46227,0,0,IS700061,800600061,Buy,C
600062,CP600062X,PRINCIPLE,NEW,SETTLED,31662,158310,46221,46219,0,0,IS700062,800600062,Sell,B
600063,CP600063X,PRINCIPLE,NEW,SETTLED,30971,30971,46235,46233,0,0,IS700063,800600063,Buy,B
600064,CP600064X,PRINCIPLE,NEW,SETTLED,30821,154105,46222,46220,0,0,IS700064,800600064,Buy,B
600065,CP600065X,PRINCIPLE,NEW,SETTLED,36924,184620,46222,46220,0,0,IS700065,800600065,Buy,A
600066,CP600066X,PRINCIPLE,NEW,SETTLED,212694,212694,46227,46225,0,0,IS700066,800600066,Buy,B
600067,CP600067X,PRINCIPLE,NEW,SETTLED,43982,175928,46230,46228,0,0,IS700067,800600067,Sell,A
600068,CP600068X,PRINCIPLE,NEW,SETTLED,108090,324270,46227,46225,0,0,IS700068,800600068,Sell,A
600069,CP600069X,PRINCIPLE,NEW,SETTLED,208505,417010,46229,46227,0,0,IS700069,800600069,Sell,C
600070,CP600070X,PRINCIPLE,NEW,SETTLED,166767,166767,46220,46218,0,0,IS700070,800600070,Sell,A
600071,CP600071X,PRINCIPLE,NEW,SETTLED,296170,296170,46222,46220,0,0,IS700071,800600071,Buy,C
600072,CP600072X,PRINCIPLE,NEW,SETTLED,266229,798687,46224,46222,0,0,IS700072,800600072,Sell,A
600073,CP600073X,PRINCIPLE,NEW,SETTLED,37066,74132,46231,46229,0,0,IS700073,800600073,Sell,C
600074,CP600074X,PRINCIPLE,NEW,SETTLED,83704,334816,46229,46227,0,0,IS700074,800600074,Buy,B
600075,CP600075X,PRINCIPLE,NEW,SETTLED,291771,875313,46223,46221,0,0,IS700075,800600075,Buy,B
600076,CP600076X,PRINCIPLE,NEW,SETTLED,139656,139656,46223,46221,0,0,IS700076,800600076,Buy,A
600077,CP600077X,PRINCIPLE,NEW,SETTLED,143788,431364,46226,46224,0,0,IS700077,800600077,Sell,C
600078,CP600078X,PRINCIPLE,NEW,SETTLED,107743,323229,46235,46233,0,0,IS700078,800600078,Sell,B
600079,CP600079X,PRINCIPLE,NEW,SETTLED,27633,27633,46233,46231,0,0,IS700079,800600079,Sell,A
600080,CP600080X,PRINCIPLE,NEW,SETTLED,24114,24114,46230,46228,0,0,IS700080,800600080,Buy,C
600081,CP600081X,PRINCIPLE,NEW,SETTLED,138340,276680,46234,46232,0,0,IS700081,800600081,Sell,B
600082,CP600082X,PRINCIPLE,NEW,SETTLED,295076,295076,46223,46221,0,0,IS700082,800600082,Buy,C
600083,CP600083X,PRINCIPLE,NEW,SETTLED,79147,395735,46221,46219,0,0,IS700083,800600083,Sell,A
600084,CP600084X,PRINCIPLE,NEW,SETTLED,290682,581364,46233,46231,0,0,IS700084,800600084,Buy,A
600085,CP600085X,PRINCIPLE,NEW,SETTLED,22930,68790,46231,46229,0,0,IS700085,800600085,Buy,A
600086,CP600086X,PRINCIPLE,NEW,SETTLED,188595,377190,46227,46225,0,0,IS700086,800600086,Buy,C
600087,CP600087X,PRINCIPLE,NEW,SETTLED,186429,932145,46233,46231,0,0,IS700087,800600087,Buy,C
600088,CP600088X,PRINCIPLE,NEW,SETTLED,125118,250236,46225,46223,0,0,IS700088,800600088,Sell,C
600089,CP600089X,PRINCIPLE,NEW,SETTLED,13995,27990,46230,46228,0,0,IS700089,800600089,Sell,A
600090,CP600090X,PRINCIPLE,NEW,SETTLED,131111,393333,46225,46223,0,0,IS700090,800600090,Buy,B
600091,CP600091X,PRINCIPLE,NEW,SETTLED,201562,201562,46235,46233,0,0,IS700091,800600091,Buy,A
600092,CP600092X,PRINCIPLE,NEW,SETTLED,105633,422532,46231,46229,0,0,IS700092,800600092,Sell,C
600093,CP600093X,PRINCIPLE,NEW,SETTLED,120325,240650,46220,46218,0,0,IS700093,800600093,Buy,C
600094,CP600094X,PRINCIPLE,NEW,SETTLED,209910,629730,46228,46226,0,0,IS700094,800600094,Buy,C
600095,CP600095X,PRINCIPLE,NEW,SETTLED,147341,442023,46232,46230,0,0,IS700095,800600095,Sell,B
600096,CP600096X,PRINCIPLE,NEW,SETTLED,15470,15470,46228,46226,0,0,IS700096,800600096,Buy,C
600097,CP600097X,PRINCIPLE,NEW,SETTLED,140180,140180,46223,46221,0,0,IS700097,800600097,Sell,A
600098,CP600098X,PRINCIPLE,NEW,SETTLED,182239,546717,46233,46231,0,0,IS700098,800600098,Buy,C
600099,CP600099X,PRINCIPLE,NEW,SETTLED,202953,1014765,46226,46224,0,0,IS700099,800600099,Sell,A
600100,CP600100X,PRINCIPLE,NEW,SETTLED,24271,97084,46220,46218,0,0,IS700100,800600100,Buy,A
600101,CP600101X,PRINCIPLE,NEW,SETTLED,191956,767824,46222,46220,0,0,IS700101,800600101,Sell,B
600102,CP600102X,PRINCIPLE,NEW,SETTLED,165582,165582,46229,46227,0,0,IS700102,800600102,Sell,B
600103,CP600103X,PRINCIPLE,NEW,SETTLED,215115,645345,46232,46230,0,0,IS700103,800600103,Sell,B
600104,CP600104X,PRINCIPLE,NEW,SETTLED,291671,583342,46226,46224,0,0,IS700104,800600104,Sell,A
600105,CP600105X,PRINCIPLE,NEW,SETTLED,199781,399562,46229,46227,0,0,IS700105,800600105,Sell,A
600106,CP600106X,PRINCIPLE,NEW,SETTLED,288276,288276,46229,46227,0,0,IS700106,800600106,Sell,C
600107,CP600107X,PRINCIPLE,NEW,SETTLED,111196,444784,46230,46228,0,0,IS700107,800600107,Sell,C
600108,CP600108X,PRINCIPLE,NEW,SETTLED,232623,930492,46226,46224,0,0,IS700108,800600108,Sell,A
600109,CP600109X,PRINCIPLE,NEW,SETTLED,89967,89967,46229,46227,0,0,IS700109,800600109,Sell,C
600110,CP600110X,PRINCIPLE,NEW,SETTLED,49961,99922,46229,46227,0,0,IS700110,800600110,Buy,C
600111,CP600111X,PRINCIPLE,NEW,SETTLED,105401,210802,46220,46218,0,0,IS700111,800600111,Buy,A
600112,CP600112X,PRINCIPLE,NEW,SETTLED,129368,517472,46222,46220,0,0,IS700112,800600112,Sell,A
600113,CP600113X,PRINCIPLE,NEW,SETTLED,218286,1091430,46226,46224,0,0,IS700113,800600113,Sell,B
600114,CP600114X,PRINCIPLE,NEW,SETTLED,260196,1040784,46227,46225,0,0,IS700114,800600114,Buy,A
600115,CP600115X,PRINCIPLE,NEW,SETTLED,3907,3907,46233,46231,0,0,IS700115,800600115,Buy,A
600116,CP600116X,PRINCIPLE,NEW,SETTLED,93215,466075,46234,46232,0,0,IS700116,800600116,Buy,C
600117,CP600117X,PRINCIPLE,NEW,SETTLED,293241,586482,46223,46221,0,0,IS700117,800600117,Sell,B
600118,CP600118X,PRINCIPLE,NEW,SETTLED,70908,283632,46230,46228,0,0,IS700118,800600118,Sell,A
600119,CP600119X,PRINCIPLE,NEW,SETTLED,265649,1062596,46234,46232,0,0,IS700119,800600119,Buy,C
600120,CP600120X,PRINCIPLE,NEW,SETTLED,249866,999464,46228,46226,0,0,IS700120,800600120,Buy,C
600121,CP600121X,PRINCIPLE,NEW,SETTLED,146391,731955,46235,46233,0,0,IS700121,800600121,Buy,B
600122,CP600122X,PRINCIPLE,NEW,SETTLED,144968,579872,46222,46220,0,0,IS700122,800600122,Sell,B
600123,CP600123X,PRINCIPLE,NEW,SETTLED,123942,371826,46230,46228,0,0,IS700123,800600123,Sell,A
600124,CP600124X,PRINCIPLE,NEW,SETTLED,284195,284195,46224,46222,0,0,IS700124,800600124,Buy,C
600125,CP600125X,PRINCIPLE,NEW,SETTLED,122247,488988,46224,46222,0,0,IS700125,800600125,Buy,A
600126,CP600126X,PRINCIPLE,NEW,SETTLED,34674,138696,46233,46231,0,0,IS700126,800600126,Sell,A
600127,CP600127X,PRINCIPLE,NEW,SETTLED,285484,1141936,46233,46231,0,0,IS700127,800600127,Buy,B
600128,CP600128X,PRINCIPLE,NEW,SETTLED,109440,437760,46232,46230,0,0,IS700128,800600128,Buy,C
600129,CP600129X,PRINCIPLE,NEW,SETTLED,200429,801716,46220,46218,0,0,IS700129,800600129,Sell,B
600130,CP600130X,PRINCIPLE,NEW,SETTLED,157559,630236,46233,46231,0,0,IS700130,800600130,Buy,C
600131,CP600131X,PRINCIPLE,NEW,SETTLED,256972,513944,46228,46226,0,0,IS700131,800600131,Sell,A
600132,CP600132X,PRINCIPLE,NEW,SETTLED,255616,255616,46232,46230,0,0,IS700132,800600132,Sell,A
600133,CP600133X,PRINCIPLE,NEW,SETTLED,212978,425956,46234,46232,0,0,IS700133,800600133,Buy,A
600134,CP600134X,PRINCIPLE,NEW,SETTLED,281034,281034,46232,46230,0,0,IS700134,800600134,Buy,A
600135,CP600135X,PRINCIPLE,NEW,SETTLED,45012,180048,46224,46222,0,0,IS700135,800600135,Sell,B
600136,CP600136X,PRINCIPLE,NEW,SETTLED,96278,96278,46228,46226,0,0,IS700136,800600136,Sell,A
600137,CP600137X,PRINCIPLE,NEW,SETTLED,172627,345254,46234,46232,0,0,IS700137,800600137,Sell,B
600138,CP600138X,PRINCIPLE,NEW,SETTLED,177947,711788,46228,46226,0,0,IS700138,800600138,Sell,C
600139,CP600139X,PRINCIPLE,NEW,SETTLED,133262,133262,46235,46233,0,0,IS700139,800600139,Buy,A
600140,CP600140X,PRINCIPLE,NEW,SETTLED,283810,283810,46231,46229,0,0,IS700140,800600140,Buy,B
600201,CP600201X,PRINCIPLE,CANCELLED,SETTLED,175749,527247,46223,46221,175749,527247,IS700201,800600201,Buy,A
600202,CP600202X,PRINCIPLE,CANCELLED,SETTLED,173912,695648,46235,46233,173912,695648,IS700202,800600202,Sell,C
600203,CP600203X,PRINCIPLE,CANCELLED,SETTLED,210952,1054760,46221,46219,210952,1054760,IS700203,800600203,Sell,A
600204,CP600204X,PRINCIPLE,CANCELLED,SETTLED,47168,141504,46228,46226,47168,141504,IS700204,800600204,Sell,A
600205,CP600205X,PRINCIPLE,CANCELLED,SETTLED,61776,247104,46220,46218,61776,247104,IS700205,800600205,Sell,A
600206,CP600206X,PRINCIPLE,CANCELLED,SETTLED,217660,217660,46226,46224,217660,217660,IS700206,800600206,Sell,C
600207,CP600207X,PRINCIPLE,CANCELLED,SETTLED,262353,1049412,46221,46219,262353,1049412,IS700207,800600207,Buy,B
600208,CP600208X,PRINCIPLE,CANCELLED,SETTLED,141014,705070,46224,46222,141014,705070,IS700208,800600208,Sell,C
600209,CP600209X,PRINCIPLE,CANCELLED,SETTLED,230699,922796,46223,46221,230699,922796,IS700209,800600209,Buy,B
600210,CP600210X,PRINCIPLE,CANCELLED,SETTLED,126460,252920,46229,46227,126460,252920,IS700210,800600210,Buy,C
600211,CP600211X,PRINCIPLE,CANCELLED,SETTLED,290538,1162152,46222,46220,290538,1162152,IS700211,800600211,Buy,C
600212,CP600212X,PRINCIPLE,CANCELLED,SETTLED,60486,241944,46223,46221,60486,241944,IS700212,800600212,Buy,A
600213,CP600213X,PRINCIPLE,CANCELLED,SETTLED,262292,786876,46228,46226,262292,786876,IS700213,800600213,Sell,B
600214,CP600214X,PRINCIPLE,CANCELLED,SETTLED,253968,1015872,46227,46225,253968,1015872,IS700214,800600214,Sell,A
600215,CP600215X,PRINCIPLE,CANCELLED,SETTLED,290021,580042,46232,46230,290021,580042,IS700215,800600215,Buy,C
600216,CP600216X,PRINCIPLE,CANCELLED,SETTLED,267464,534928,46222,46220,267464,534928,IS700216,800600216,Sell,B
600217,CP600217X,PRINCIPLE,CANCELLED,SETTLED,218549,655647,46228,46226,218549,655647,IS700217,800600217,Buy,A
600218,CP600218X,PRINCIPLE,CANCELLED,SETTLED,149289,447867,46235,46233,149289,447867,IS700218,800600218,Buy,C
600219,CP600219X,PRINCIPLE,CANCELLED,SETTLED,235119,1175595,46235,46233,235119,1175595,IS700219,800600219,Sell,B
600220,CP600220X,PRINCIPLE,CANCELLED,SETTLED,175294,876470,46232,46230,175294,876470,IS700220,800600220,Sell,B
600221,CP600221X,PRINCIPLE,CANCELLED,SETTLED,169704,339408,46227,46225,169704,339408,IS700221,800600221,Sell,B
600222,CP600222X,PRINCIPLE,CANCELLED,SETTLED,123453,493812,46221,46219,123453,493812,IS700222,800600222,Sell,B
600223,CP600223X,PRINCIPLE,CANCELLED,SETTLED,248975,995900,46232,46230,248975,995900,IS700223,800600223,Buy,B
600224,CP600224X,PRINCIPLE,CANCELLED,SETTLED,260694,260694,46224,46222,260694,260694,IS700224,800600224,Sell,C
600225,CP600225X,PRINCIPLE,CANCELLED,SETTLED,53619,214476,46223,46221,53619,214476,IS700225,800600225,Sell,A
600226,CP600226X,PRINCIPLE,CANCELLED,SETTLED,9046,18092,46233,46231,9046,18092,IS700226,800600226,Buy,A
600227,CP600227X,PRINCIPLE,CANCELLED,SETTLED,40231,160924,46228,46226,40231,160924,IS700227,800600227,Sell,C
600228,CP600228X,PRINCIPLE,CANCELLED,SETTLED,209395,209395,46230,46228,209395,209395,IS700228,800600228,Sell,A
600229,CP600229X,PRINCIPLE,CANCELLED,SETTLED,167021,668084,46221,46219,167021,668084,IS700229,800600229,Buy,B
600230,CP600230X,PRINCIPLE,CANCELLED,SETTLED,124087,372261,46227,46225,124087,372261,IS700230,800600230,Buy,C
600231,CP600231X,PRINCIPLE,CANCELLED,SETTLED,228526,228526,46223,46221,228526,228526,IS700231,800600231,Sell,B
600232,CP600232X,PRINCIPLE,CANCELLED,SETTLED,88223,264669,46220,46218,88223,264669,IS700232,800600232,Buy,C
600233,CP600233X,PRINCIPLE,CANCELLED,SETTLED,171065,171065,46229,46227,171065,171065,IS700233,800600233,Sell,C
600234,CP600234X,PRINCIPLE,CANCELLED,SETTLED,197524,790096,46224,46222,197524,790096,IS700234,800600234,Buy,A
600235,CP600235X,PRINCIPLE,CANCELLED,SETTLED,279484,1117936,46225,46223,279484,1117936,IS700235,800600235,Buy,C
600401,CP600401X,PRINCIPLE,NEW,SETTLED,286985,860955,46230,46228,286985,860955,IS700401,800600401,Buy,C
600402,CP600402X,PRINCIPLE,NEW,SETTLED,42979,128937,46229,46227,42979,128937,IS700402,800600402,Sell,A
600403,CP600403X,PRINCIPLE,NEW,SETTLED,234788,1173940,46233,46231,234788,1173940,IS700403,800600403,Buy,A
600404,CP600404X,PRINCIPLE,NEW,SETTLED,233735,701205,46234,46232,233735,701205,IS700404,800600404,Buy,B
600405,CP600405X,PRINCIPLE,NEW,SETTLED,185842,929210,46233,46231,185842,929210,IS700405,800600405,Sell,C
600406,CP600406X,PRINCIPLE,NEW,SETTLED,31072,31072,46232,46230,31072,31072,IS700406,800600406,Sell,B
600407,CP600407X,PRINCIPLE,NEW,SETTLED,270004,540008,46220,46218,270004,540008,IS700407,800600407,Buy,A
600408,CP600408X,PRINCIPLE,NEW,SETTLED,230728,230728,46224,46222,230728,230728,IS700408,800600408,Buy,A
600409,CP600409X,PRINCIPLE,NEW,SETTLED,124729,374187,46231,46229,124729,374187,IS700409,800600409,Sell,C
600410,CP600410X,PRINCIPLE,NEW,SETTLED,298399,298399,46224,46222,298399,298399,IS700410,800600410,Sell,C
600411,CP600411X,PRINCIPLE,NEW,SETTLED,195492,586476,46234,46232,195492,586476,IS700411,800600411,Buy,B
600412,CP600412X,PRINCIPLE,NEW,SETTLED,73191,365955,46231,46229,73191,365955,IS700412,800600412,Sell,C
600413,CP600413X,PRINCIPLE,NEW,SETTLED,165828,497484,46227,46225,165828,497484,IS700413,800600413,Buy,B
600414,CP600414X,PRINCIPLE,NEW,SETTLED,14586,29172,46235,46233,14586,29172,IS700414,800600414,Sell,B
600415,CP600415X,PRINCIPLE,NEW,SETTLED,295478,295478,46228,46226,295478,295478,IS700415,800600415,Sell,B
600416,CP600416X,PRINCIPLE,NEW,SETTLED,234975,469950,46229,46227,234975,469950,IS700416,800600416,Sell,C
600417,CP600417X,PRINCIPLE,NEW,SETTLED,105951,105951,46224,46222,105951,105951,IS700417,800600417,Buy,A
600418,CP600418X,PRINCIPLE,NEW,SETTLED,238000,476000,46234,46232,238000,476000,IS700418,800600418,Buy,C
600419,CP600419X,PRINCIPLE,NEW,SETTLED,168556,505668,46222,46220,168556,505668,IS700419,800600419,Sell,B
600420,CP600420X,PRINCIPLE,NEW,SETTLED,158263,316526,46225,46223,158263,316526,IS700420,800600420,Sell,B
600421,CP600421X,PRINCIPLE,NEW,SETTLED,267734,535468,46223,46221,0,0,IS700421,800600421,Buy,A
600422,CP600422X,PRINCIPLE,NEW,SETTLED,73811,147622,46235,46233,0,0,IS700422,800600422,Buy,A
600423,CP600423X,PRINCIPLE,NEW,SETTLED,190213,951065,46231,46229,0,0,IS700423,800600423,Sell,B
600424,CP600424X,PRINCIPLE,NEW,SETTLED,290221,580442,46222,46220,0,0,IS700424,800600424,Buy,B
600425,CP600425X,PRINCIPLE,NEW,SETTLED,163157,652628,46235,46233,0,0,IS700425,800600425,Sell,B
600426,CP600426X,PRINCIPLE,NEW,SETTLED,215661,1078305,46222,46220,0,0,IS700426,800600426,Buy,B
600427,CP600427X,PRINCIPLE,NEW,SETTLED,167213,167213,46234,46232,0,0,IS700427,800600427,Sell,A
600428,CP600428X,PRINCIPLE,NEW,SETTLED,272245,816735,46224,46222,0,0,IS700428,800600428,Buy,B
600429,CP600429X,PRINCIPLE,NEW,SETTLED,68650,274600,46221,46219,0,0,IS700429,800600429,Buy,A
600430,CP600430X,PRINCIPLE,NEW,SETTLED,272634,545268,46229,46227,0,0,IS700430,800600430,Buy,B
600431,CP600431X,PRINCIPLE,NEW,SETTLED,85917,257751,46227,46225,0,0,IS700431,800600431,Sell,C
600432,CP600432X,PRINCIPLE,NEW,SETTLED,273051,819153,46222,46220,0,0,IS700432,800600432,Sell,A
600433,CP600433X,PRINCIPLE,NEW,SETTLED,103918,519590,46228,46226,0,0,IS700433,800600433,Buy,B
600434,CP600434X,PRINCIPLE,NEW,SETTLED,159767,798835,46222,46220,0,0,IS700434,800600434,Buy,B
600435,CP600435X,PRINCIPLE,NEW,SETTLED,81842,163684,46230,46228,0,0,IS700435,800600435,Buy,B
600436,CP600436X,PRINCIPLE,NEW,SETTLED,15875,15875,46221,46219,0,0,IS700436,800600436,Sell,A
600437,CP600437X,PRINCIPLE,NEW,SETTLED,111524,557620,46233,46231,0,0,IS700437,800600437,Buy,B
600438,CP600438X,PRINCIPLE,NEW,SETTLED,262115,1310575,46229,46227,0,0,IS700438,800600438,Sell,C
600439,CP600439X,PRINCIPLE,NEW,SETTLED,254202,508404,46232,46230,0,0,IS700439,800600439,Sell,C
600440,CP600440X,PRINCIPLE,NEW,SETTLED,238787,238787,46221,46219,0,0,IS700440,800600440,Buy,C
600441,CP600441X,PRINCIPLE,NEW,SETTLED,231479,925916,46235,46233,0,0,IS700441,800600441,Sell,C
600442,CP600442X,PRINCIPLE,NEW,SETTLED,107966,323898,46224,46222,0,0,IS700442,800600442,Sell,B
600443,CP600443X,PRINCIPLE,NEW,SETTLED,168413,505239,46232,46230,0,0,IS700443,800600443,Buy,A
600444,CP600444X,PRINCIPLE,NEW,SETTLED,195269,976345,46223,46221,0,0,IS700444,800600444,Sell,B
600445,CP600445X,PRINCIPLE,NEW,SETTLED,127740,510960,46223,46221,0,0,IS700445,800600445,Sell,C
600446,CP600446X,PRINCIPLE,NEW,SETTLED,236717,473434,46224,46222,0,0,IS700446,800600446,Buy,A
600447,CP600447X,PRINCIPLE,NEW,SETTLED,27531,82593,46232,46230,0,0,IS700447,800600447,Sell,C
600448,CP600448X,PRINCIPLE,NEW,SETTLED,131165,262330,46230,46228,0,0,IS700448,800600448,Sell,C
600449,CP600449X,PRINCIPLE,NEW,SETTLED,100527,201054,46235,46233,0,0,IS700449,800600449,Sell,B
600450,CP600450X,PRINCIPLE,NEW,SETTLED,262493,787479,46235,46233,0,0,IS700450,800600450,Buy,B
600451,CP600451X,PRINCIPLE,NEW,SETTLED,48211,192844,46234,46232,0,0,IS700451,800600451,Buy,B
600452,CP600452X,PRINCIPLE,NEW,SETTLED,113797,568985,46231,46229,0,0,IS700452,800600452,Buy,C
600453,CP600453X,PRINCIPLE,NEW,SETTLED,27497,82491,46235,46233,0,0,IS700453,800600453,Sell,A
600454,CP600454X,PRINCIPLE,NEW,SETTLED,150814,754070,46220,46218,0,0,IS700454,800600454,Buy,A
600455,CP600455X,PRINCIPLE,NEW,SETTLED,226930,453860,46228,46226,0,0,IS700455,800600455,Sell,B
600456,CP600456X,PRINCIPLE,NEW,SETTLED,212421,637263,46221,46219,0,0,IS700456,800600456,Sell,C
600457,CP600457X,PRINCIPLE,NEW,SETTLED,27821,139105,46226,46224,0,0,IS700457,800600457,Sell,B
600458,CP600458X,PRINCIPLE,NEW,SETTLED,291048,873144,46222,46220,0,0,IS700458,800600458,Sell,B
600459,CP600459X,PRINCIPLE,NEW,SETTLED,265375,1061500,46228,46226,0,0,IS700459,800600459,Buy,A
600460,CP600460X,PRINCIPLE,NEW,SETTLED,68456,68456,46232,46230,0,0,IS700460,800600460,Sell,A
600461,CP600461X,PRINCIPLE,NEW,SETTLED,178778,893890,46231,46229,0,0,IS700461,800600461,Buy,A
600462,CP600462X,PRINCIPLE,NEW,SETTLED,105363,526815,46232,46230,0,0,IS700462,800600462,Buy,B
600463,CP600463X,PRINCIPLE,NEW,SETTLED,24752,24752,46224,46222,0,0,IS700463,800600463,Sell,A
600464,CP600464X,PRINCIPLE,NEW,SETTLED,249378,1246890,46234,46232,0,0,IS700464,800600464,Buy,C
600465,CP600465X,PRINCIPLE,NEW,SETTLED,271273,542546,46230,46228,0,0,IS700465,800600465,Sell,C
600466,CP600466X,PRINCIPLE,NEW,SETTLED,86197,344788,46229,46227,0,0,IS700466,800600466,Sell,A
600467,CP600467X,PRINCIPLE,NEW,SETTLED,266979,1334895,46235,46233,0,0,IS700467,800600467,Sell,C
600468,CP600468X,PRINCIPLE,NEW,SETTLED,249980,249980,46231,46229,0,0,IS700468,800600468,Sell,A
600469,CP600469X,PRINCIPLE,NEW,SETTLED,58464,233856,46229,46227,0,0,IS700469,800600469,Buy,A
600470,CP600470X,PRINCIPLE,NEW,SETTLED,249821,749463,46227,46225,0,0,IS700470,800600470,Buy,A
600471,CP600471X,PRINCIPLE,NEW,SETTLED,252893,505786,46232,46230,0,0,IS700471,800600471,Buy,A
600472,CP600472X,PRINCIPLE,NEW,SETTLED,127980,127980,46223,46221,0,0,IS700472,800600472,Buy,C
600473,CP600473X,PRINCIPLE,NEW,SETTLED,10928,43712,46230,46228,0,0,IS700473,800600473,Sell,C
600474,CP600474X,PRINCIPLE,NEW,SETTLED,80393,321572,46226,46224,0,0,IS700474,800600474,Sell,B
600475,CP600475X,PRINCIPLE,NEW,SETTLED,264097,1320485,46235,46233,0,0,IS700475,800600475,Buy,C
600476,CP600476X,PRINCIPLE,NEW,SETTLED,73394,366970,46226,46224,0,0,IS700476,800600476,Sell,A
600477,CP600477X,PRINCIPLE,NEW,SETTLED,251804,1259020,46232,46230,0,0,IS700477,800600477,Sell,A
600478,CP600478X,PRINCIPLE,NEW,SETTLED,91797,367188,46230,46228,0,0,IS700478,800600478,Sell,C
600479,CP600479X,PRINCIPLE,NEW,SETTLED,139601,698005,46235,46233,0,0,IS700479,800600479,Buy,B
600480,CP600480X,PRINCIPLE,NEW,SETTLED,130247,390741,46229,46227,0,0,IS700480,800600480,Buy,A
600481,CP600481X,PRINCIPLE,NEW,SETTLED,157035,471105,46226,46224,0,0,IS700481,800600481,Sell,C
600482,CP600482X,PRINCIPLE,NEW,SETTLED,167220,668880,46231,46229,0,0,IS700482,800600482,Sell,C
600483,CP600483X,PRINCIPLE,NEW,SETTLED,151884,151884,46232,46230,0,0,IS700483,800600483,Sell,C
600484,CP600484X,PRINCIPLE,NEW,SETTLED,181949,363898,46229,46227,0,0,IS700484,800600484,Buy,B
600485,CP600485X,PRINCIPLE,NEW,SETTLED,151801,151801,46231,46229,0,0,IS700485,800600485,Sell,A
600486,CP600486X,PRINCIPLE,NEW,SETTLED,135450,541800,46226,46224,0,0,IS700486,800600486,Buy,C
600487,CP600487X,PRINCIPLE,NEW,SETTLED,283369,850107,46228,46226,0,0,IS700487,800600487,Buy,C
600488,CP600488X,PRINCIPLE,NEW,SETTLED,58266,291330,46227,46225,0,0,IS700488,800600488,Buy,B
600489,CP600489X,PRINCIPLE,NEW,SETTLED,27615,138075,46227,46225,0,0,IS700489,800600489,Buy,A
600490,CP600490X,PRINCIPLE,NEW,SETTLED,28520,28520,46233,46231,0,0,IS700490,800600490,Sell,A
600491,CP600491X,PRINCIPLE,NEW,SETTLED,248675,248675,46224,46222,0,0,IS700491,800600491,Buy,C
600492,CP600492X,PRINCIPLE,NEW,SETTLED,289543,579086,46233,46231,0,0,IS700492,800600492,Sell,B
600493,CP600493X,PRINCIPLE,NEW,SETTLED,251320,502640,46229,46227,0,0,IS700493,800600493,Sell,B
600494,CP600494X,PRINCIPLE,NEW,SETTLED,150639,150639,46222,46220,0,0,IS700494,800600494,Buy,C
600495,CP600495X,PRINCIPLE,NEW,SETTLED,281573,281573,46225,46223,0,0,IS700495,800600495,Sell,A
600496,CP600496X,PRINCIPLE,NEW,SETTLED,93163,93163,46232,46230,0,0,IS700496,800600496,Sell,B
600497,CP600497X,PRINCIPLE,NEW,SETTLED,98680,296040,46221,46219,0,0,IS700497,800600497,Buy,B
600498,CP600498X,PRINCIPLE,NEW,SETTLED,157443,787215,46223,46221,0,0,IS700498,800600498,Sell,C
600499,CP600499X,PRINCIPLE,NEW,SETTLED,150192,600768,46235,46233,0,0,IS700499,800600499,Buy,A
600500,CP600500X,PRINCIPLE,NEW,SETTLED,265352,1061408,46228,46226,0,0,IS700500,800600500,Buy,B
600501,CP600501X,PRINCIPLE,NEW,SETTLED,60059,180177,46225,46223,0,0,IS700501,800600501,Sell,C
600502,CP600502X,PRINCIPLE,NEW,SETTLED,135880,271760,46220,46218,0,0,IS700502,800600502,Sell,C
600503,CP600503X,PRINCIPLE,NEW,SETTLED,155677,778385,46226,46224,0,0,IS700503,800600503,Buy,B
600504,CP600504X,PRINCIPLE,NEW,SETTLED,213593,854372,46230,46228,0,0,IS700504,800600504,Buy,A
600505,CP600505X,PRINCIPLE,NEW,SETTLED,211152,211152,46225,46223,0,0,IS700505,800600505,Buy,B
600506,CP600506X,PRINCIPLE,NEW,SETTLED,251323,753969,46227,46225,0,0,IS700506,800600506,Buy,A
600507,CP600507X,PRINCIPLE,NEW,SETTLED,137726,550904,46227,46225,0,0,IS700507,800600507,Sell,A
600508,CP600508X,PRINCIPLE,NEW,SETTLED,140981,422943,46229,46227,0,0,IS700508,800600508,Buy,C
600509,CP600509X,PRINCIPLE,NEW,SETTLED,138129,414387,46227,46225,0,0,IS700509,800600509,Buy,B
600510,CP600510X,PRINCIPLE,NEW,SETTLED,62983,251932,46229,46227,0,0,IS700510,800600510,Buy,A
600511,CP600511X,PRINCIPLE,NEW,SETTLED,213555,1067775,46229,46227,0,0,IS700511,800600511,Buy,B
600512,CP600512X,PRINCIPLE,NEW,SETTLED,155684,467052,46227,46225,0,0,IS700512,800600512,Buy,C
600513,CP600513X,PRINCIPLE,NEW,SETTLED,71028,284112,46224,46222,0,0,IS700513,800600513,Sell,A
600514,CP600514X,PRINCIPLE,NEW,SETTLED,196887,787548,46235,46233,0,0,IS700514,800600514,Buy,A
600515,CP600515X,PRINCIPLE,NEW,SETTLED,130743,653715,46222,46220,0,0,IS700515,800600515,Sell,A
600516,CP600516X,PRINCIPLE,NEW,SETTLED,277914,833742,46222,46220,0,0,IS700516,800600516,Buy,C
600517,CP600517X,PRINCIPLE,NEW,SETTLED,33379,166895,46226,46224,0,0,IS700517,800600517,Buy,B
600518,CP600518X,PRINCIPLE,NEW,SETTLED,87264,261792,46234,46232,0,0,IS700518,800600518,Buy,A
600519,CP600519X,PRINCIPLE,NEW,SETTLED,108689,543445,46235,46233,0,0,IS700519,800600519,Buy,B
600520,CP600520X,PRINCIPLE,NEW,SETTLED,268583,1074332,46221,46219,0,0,IS700520,800600520,Sell,B
600521,CP600521X,PRINCIPLE,NEW,SETTLED,70176,350880,46233,46231,0,0,IS700521,800600521,Sell,C
600522,CP600522X,PRINCIPLE,NEW,SETTLED,296651,296651,46234,46232,0,0,IS700522,800600522,Sell,B
600523,CP600523X,PRINCIPLE,NEW,SETTLED,12413,49652,46228,46226,0,0,IS700523,800600523,Buy,B
600524,CP600524X,PRINCIPLE,NEW,SETTLED,115243,576215,46222,46220,0,0,IS700524,800600524,Buy,B
600525,CP600525X,PRINCIPLE,NEW,SETTLED,223139,669417,46222,46220,0,0,IS700525,800600525,Buy,B
600526,CP600526X,PRINCIPLE,NEW,SETTLED,37185,148740,46221,46219,0,0,IS700526,800600526,Sell,C
600527,CP600527X,PRINCIPLE,NEW,SETTLED,215364,430728,46224,46222,0,0,IS700527,800600527,Sell,C
600528,CP600528X,PRINCIPLE,NEW,SETTLED,197325,789300,46234,46232,0,0,IS700528,800600528,Sell,C
600529,CP600529X,PRINCIPLE,NEW,SETTLED,197946,197946,46224,46222,0,0,IS700529,800600529,Sell,C
600530,CP600530X,PRINCIPLE,NEW,SETTLED,63197,126394,46232,46230,0,0,IS700530,800600530,Buy,C
600531,CP600531X,PRINCIPLE,NEW,SETTLED,117753,117753,46220,46218,0,0,IS700531,800600531,Sell,B
600532,CP600532X,PRINCIPLE,NEW,SETTLED,243747,1218735,46233,46231,0,0,IS700532,800600532,Sell,C
600533,CP600533X,PRINCIPLE,NEW,SETTLED,121410,242820,46234,46232,0,0,IS700533,800600533,Sell,A
600534,CP600534X,PRINCIPLE,NEW,SETTLED,82328,246984,46226,46224,0,0,IS700534,800600534,Buy,C
600535,CP600535X,PRINCIPLE,NEW,SETTLED,17891,71564,46220,46218,0,0,IS700535,800600535,Buy,C
600536,CP600536X,PRINCIPLE,NEW,SETTLED,109046,109046,46223,46221,0,0,IS700536,800600536,Buy,B
600537,CP600537X,PRINCIPLE,NEW,SETTLED,235063,1175315,46221,46219,0,0,IS700537,800600537,Buy,A
600538,CP600538X,PRINCIPLE,NEW,SETTLED,24192,96768,46234,46232,0,0,IS700538,800600538,Buy,B
600539,CP600539X,PRINCIPLE,NEW,SETTLED,283989,567978,46221,46219,0,0,IS700539,800600539,Buy,A
600540,CP600540X,PRINCIPLE,NEW,SETTLED,265186,795558,46227,46225,0,0,IS700540,800600540,Sell,C
600541,CP600541X,PRINCIPLE,NEW,SETTLED,169120,338240,46229,46227,0,0,IS700541,800600541,Buy,B
600542,CP600542X,PRINCIPLE,NEW,SETTLED,274285,548570,46233,46231,0,0,IS700542,800600542,Sell,B
600543,CP600543X,PRINCIPLE,NEW,SETTLED,145259,145259,46225,46223,0,0,IS700543,800600543,Sell,A
600544,CP600544X,PRINCIPLE,NEW,SETTLED,292425,1169700,46221,46219,0,0,IS700544,800600544,Sell,B
600545,CP600545X,PRINCIPLE,NEW,SETTLED,200834,1004170,46230,46228,0,0,IS700545,800600545,Sell,A
600546,CP600546X,PRINCIPLE,NEW,SETTLED,215045,430090,46229,46227,0,0,IS700546,800600546,Sell,C
600547,CP600547X,PRINCIPLE,NEW,SETTLED,97405,487025,46235,46233,0,0,IS700547,800600547,Buy,A
600548,CP600548X,PRINCIPLE,NEW,SETTLED,119145,357435,46224,46222,0,0,IS700548,800600548,Sell,A
600549,CP600549X,PRINCIPLE,NEW,SETTLED,31211,156055,46233,46231,0,0,IS700549,800600549,Sell,A
600550,CP600550X,PRINCIPLE,NEW,SETTLED,293178,1465890,46224,46222,0,0,IS700550,800600550,Sell,A
600551,CP600551X,PRINCIPLE,NEW,SETTLED,128327,384981,46226,46224,0,0,IS700551,800600551,Sell,A
600552,CP600552X,PRINCIPLE,NEW,SETTLED,42455,169820,46231,46229,0,0,IS700552,800600552,Buy,C
600553,CP600553X,PRINCIPLE,NEW,SETTLED,281827,563654,46221,46219,0,0,IS700553,800600553,Sell,A
600554,CP600554X,PRINCIPLE,NEW,SETTLED,198744,993720,46221,46219,0,0,IS700554,800600554,Buy,C
600555,CP600555X,PRINCIPLE,NEW,SETTLED,99651,498255,46226,46224,0,0,IS700555,800600555,Sell,A
600556,CP600556X,PRINCIPLE,NEW,SETTLED,110518,331554,46229,46227,0,0,IS700556,800600556,Buy,B
600557,CP600557X,PRINCIPLE,NEW,SETTLED,112048,224096,46223,46221,0,0,IS700557,800600557,Sell,B
600558,CP600558X,PRINCIPLE,NEW,SETTLED,128188,640940,46226,46224,0,0,IS700558,800600558,Sell,C
600559,CP600559X,PRINCIPLE,NEW,SETTLED,126478,632390,46230,46228,0,0,IS700559,800600559,Sell,B
600560,CP600560X,PRINCIPLE,NEW,SETTLED,200576,802304,46231,46229,0,0,IS700560,800600560,Sell,B
600561,CP600561X,PRINCIPLE,NEW,SETTLED,138133,414399,46235,46233,0,0,IS700561,800600561,Sell,B
600562,CP600562X,PRINCIPLE,NEW,SETTLED,52699,210796,46230,46228,0,0,IS700562,800600562,Buy,C
600563,CP600563X,PRINCIPLE,NEW,SETTLED,195356,586068,46233,46231,0,0,IS700563,800600563,Buy,B
600564,CP600564X,PRINCIPLE,NEW,SETTLED,295924,591848,46224,46222,0,0,IS700564,800600564,Buy,B
600565,CP600565X,PRINCIPLE,NEW,SETTLED,137720,688600,46233,46231,0,0,IS700565,800600565,Sell,B
600566,CP600566X,PRINCIPLE,NEW,SETTLED,80907,161814,46230,46228,0,0,IS700566,800600566,Buy,B
600567,CP600567X,PRINCIPLE,NEW,SETTLED,200145,1000725,46227,46225,0,0,IS700567,800600567,Sell,C
600568,CP600568X,PRINCIPLE,NEW,SETTLED,289695,869085,46228,46226,0,0,IS700568,800600568,Sell,A
600569,CP600569X,PRINCIPLE,NEW,SETTLED,258213,1032852,46225,46223,0,0,IS700569,800600569,Sell,A
600570,CP600570X,PRINCIPLE,NEW,SETTLED,89743,179486,46235,46233,0,0,IS700570,800600570,Buy,B
600571,CP600571X,PRINCIPLE,NEW,SETTLED,285235,285235,46221,46219,0,0,IS700571,800600571,Buy,C
600572,CP600572X,PRINCIPLE,NEW,SETTLED,26435,26435,46233,46231,0,0,IS700572,800600572,Buy,B
600573,CP600573X,PRINCIPLE,NEW,SETTLED,122337,122337,46224,46222,0,0,IS700573,800600573,Buy,A
600574,CP600574X,PRINCIPLE,NEW,SETTLED,115672,578360,46234,46232,0,0,IS700574,800600574,Sell,B
600575,CP600575X,PRINCIPLE,NEW,SETTLED,32693,163465,46235,46233,0,0,IS700575,800600575,Sell,B
600576,CP600576X,PRINCIPLE,NEW,SETTLED,9247,9247,46233,46231,0,0,IS700576,800600576,Buy,C
600577,CP600577X,PRINCIPLE,NEW,SETTLED,9769,48845,46228,46226,0,0,IS700577,800600577,Sell,C
600578,CP600578X,PRINCIPLE,NEW,SETTLED,9987,49935,46233,46231,0,0,IS700578,800600578,Buy,B
600579,CP600579X,PRINCIPLE,NEW,SETTLED,57107,57107,46224,46222,0,0,IS700579,800600579,Buy,C
600580,CP600580X,PRINCIPLE,NEW,SETTLED,101627,508135,46228,46226,0,0,IS700580,800600580,Sell,B
600581,CP600581X,PRINCIPLE,NEW,SETTLED,141155,564620,46222,46220,0,0,IS700581,800600581,Sell,B
600582,CP600582X,PRINCIPLE,NEW,SETTLED,213875,855500,46227,46225,0,0,IS700582,800600582,Buy,B
600583,CP600583X,PRINCIPLE,NEW,SETTLED,158273,158273,46221,46219,0,0,IS700583,800600583,Buy,C
600584,CP600584X,PRINCIPLE,NEW,SETTLED,213482,853928,46232,46230,0,0,IS700584,800600584,Sell,A
600585,CP600585X,PRINCIPLE,NEW,SETTLED,30420,30420,46225,46223,0,0,IS700585,800600585,Buy,B
600586,CP600586X,PRINCIPLE,NEW,SETTLED,263069,1052276,46230,46228,0,0,IS700586,800600586,Buy,A
600587,CP600587X,PRINCIPLE,NEW,SETTLED,277907,277907,46227,46225,0,0,IS700587,800600587,Buy,B
600588,CP600588X,PRINCIPLE,NEW,SETTLED,298158,1192632,46228,46226,0,0,IS700588,800600588,Buy,C
600589,CP600589X,PRINCIPLE,NEW,SETTLED,39979,119937,46221,46219,0,0,IS700589,800600589,Buy,B
600590,CP600590X,PRINCIPLE,NEW,SETTLED,165880,165880,46226,46224,0,0,IS700590,800600590,Buy,B
600591,CP600591X,PRINCIPLE,NEW,SETTLED,209821,209821,46229,46227,0,0,IS700591,800600591,Buy,C
600592,CP600592X,PRINCIPLE,NEW,SETTLED,296676,593352,46232,46230,0,0,IS700592,800600592,Sell,C
600593,CP600593X,PRINCIPLE,NEW,SETTLED,202245,404490,46222,46220,0,0,IS700593,800600593,Sell,C
600594,CP600594X,PRINCIPLE,NEW,SETTLED,29152,29152,46233,46231,0,0,IS700594,800600594,Buy,C
600595,CP600595X,PRINCIPLE,NEW,SETTLED,40855,122565,46232,46230,0,0,IS700595,800600595,Sell,B
600596,CP600596X,PRINCIPLE,NEW,SETTLED,16532,49596,46234,46232,0,0,IS700596,800600596,Sell,B
600597,CP600597X,PRINCIPLE,NEW,SETTLED,120610,361830,46232,46230,0,0,IS700597,800600597,Sell,A
600598,CP600598X,PRINCIPLE,NEW,SETTLED,98380,491900,46232,46230,0,0,IS700598,800600598,Buy,C
600599,CP600599X,PRINCIPLE,NEW,SETTLED,155863,311726,46222,46220,0,0,IS700599,800600599,Buy,A
600600,CP600600X,PRINCIPLE,NEW,SETTLED,141494,282988,46232,46230,0,0,IS700600,800600600,Buy,A
600601,CP600601X,PRINCIPLE,NEW,SETTLED,205274,615822,46231,46229,0,0,IS700601,800600601,Buy,A
600602,CP600602X,PRINCIPLE,NEW,SETTLED,48983,48983,46229,46227,0,0,IS700602,800600602,Sell,C
600603,CP600603X,PRINCIPLE,NEW,SETTLED,189700,569100,46223,46221,0,0,IS700603,800600603,Buy,C
600604,CP600604X,PRINCIPLE,NEW,SETTLED,46768,93536,46233,46231,0,0,IS700604,800600604,Sell,A
600605,CP600605X,PRINCIPLE,NEW,SETTLED,293020,1465100,46233,46231,0,0,IS700605,800600605,Buy,B
600606,CP600606X,PRINCIPLE,NEW,SETTLED,14768,14768,46231,46229,0,0,IS700606,800600606,Buy,A
600607,CP600607X,PRINCIPLE,NEW,SETTLED,171094,684376,46220,46218,0,0,IS700607,800600607,Sell,C
600608,CP600608X,PRINCIPLE,NEW,SETTLED,217955,871820,46222,46220,0,0,IS700608,800600608,Buy,B
600609,CP600609X,PRINCIPLE,NEW,SETTLED,274208,548416,46232,46230,0,0,IS700609,800600609,Buy,A
600610,CP600610X,PRINCIPLE,NEW,SETTLED,73792,221376,46229,46227,0,0,IS700610,800600610,Sell,C
600611,CP600611X,PRINCIPLE,NEW,SETTLED,259538,519076,46222,46220,0,0,IS700611,800600611,Buy,B
600612,CP600612X,PRINCIPLE,NEW,SETTLED,228895,686685,46233,46231,0,0,IS700612,800600612,Sell,C
600613,CP600613X,PRINCIPLE,NEW,SETTLED,254876,254876,46231,46229,0,0,IS700613,800600613,Sell,A
600614,CP600614X,PRINCIPLE,NEW,SETTLED,130284,521136,46226,46224,0,0,IS700614,800600614,Sell,B
600615,CP600615X,PRINCIPLE,NEW,SETTLED,57084,114168,46229,46227,0,0,IS700615,800600615,Buy,A
600616,CP600616X,PRINCIPLE,NEW,SETTLED,208456,625368,46232,46230,0,0,IS700616,800600616,Sell,C
600617,CP600617X,PRINCIPLE,NEW,SETTLED,231803,695409,46233,46231,0,0,IS700617,800600617,Buy,B
600618,CP600618X,PRINCIPLE,NEW,SETTLED,158514,475542,46226,46224,0,0,IS700618,800600618,Sell,A
600619,CP600619X,PRINCIPLE,NEW,SETTLED,165722,331444,46232,46230,0,0,IS700619,800600619,Sell,C
600620,CP600620X,PRINCIPLE,NEW,SETTLED,153802,615208,46227,46225,0,0,IS700620,800600620,Sell,B
600621,CP600621X,PRINCIPLE,NEW,SETTLED,198161,594483,46232,46230,0,0,IS700621,800600621,Sell,A
600622,CP600622X,PRINCIPLE,NEW,SETTLED,60710,303550,46226,46224,0,0,IS700622,800600622,Buy,B
600623,CP600623X,PRINCIPLE,NEW,SETTLED,289410,289410,46234,46232,0,0,IS700623,800600623,Buy,A
600624,CP600624X,PRINCIPLE,NEW,SETTLED,230876,692628,46222,46220,0,0,IS700624,800600624,Sell,A
600625,CP600625X,PRINCIPLE,NEW,SETTLED,262778,525556,46229,46227,0,0,IS700625,800600625,Buy,B
600626,CP600626X,PRINCIPLE,NEW,SETTLED,133477,266954,46233,46231,0,0,IS700626,800600626,Sell,C
600627,CP600627X,PRINCIPLE,NEW,SETTLED,39779,159116,46235,46233,0,0,IS700627,800600627,Sell,C
600628,CP600628X,PRINCIPLE,NEW,SETTLED,281162,1405810,46233,46231,0,0,IS700628,800600628,Buy,B
600629,CP600629X,PRINCIPLE,NEW,SETTLED,189496,947480,46222,46220,0,0,IS700629,800600629,Buy,C
600630,CP600630X,PRINCIPLE,NEW,SETTLED,131144,393432,46225,46223,0,0,IS700630,800600630,Buy,C
600631,CP600631X,PRINCIPLE,NEW,SETTLED,296289,1185156,46230,46228,0,0,IS700631,800600631,Sell,B
600632,CP600632X,PRINCIPLE,NEW,SETTLED,56545,56545,46223,46221,0,0,IS700632,800600632,Sell,A
600633,CP600633X,PRINCIPLE,NEW,SETTLED,117392,586960,46227,46225,0,0,IS700633,800600633,Sell,C
600634,CP600634X,PRINCIPLE,NEW,SETTLED,197146,788584,46234,46232,0,0,IS700634,800600634,Buy,B
600635,CP600635X,PRINCIPLE,NEW,SETTLED,181862,181862,46235,46233,0,0,IS700635,800600635,Buy,B
600636,CP600636X,PRINCIPLE,NEW,SETTLED,155891,623564,46222,46220,0,0,IS700636,800600636,Buy,B
600637,CP600637X,PRINCIPLE,NEW,SETTLED,75278,225834,46229,46227,0,0,IS700637,800600637,Sell,C
600638,CP600638X,PRINCIPLE,NEW,SETTLED,239725,479450,46235,46233,0,0,IS700638,800600638,Sell,C
600639,CP600639X,PRINCIPLE,NEW,SETTLED,250646,250646,46234,46232,0,0,IS700639,800600639,Sell,B
600640,CP600640X,PRINCIPLE,NEW,SETTLED,168200,168200,46229,46227,0,0,IS700640,800600640,Buy,B
600641,CP600641X,PRINCIPLE,NEW,SETTLED,61337,61337,46230,46228,0,0,IS700641,800600641,Buy,B
600642,CP600642X,PRINCIPLE,NEW,SETTLED,87168,174336,46225,46223,0,0,IS700642,800600642,Buy,C
600643,CP600643X,PRINCIPLE,NEW,SETTLED,174533,872665,46233,46231,0,0,IS700643,800600643,Sell,B
600644,CP600644X,PRINCIPLE,NEW,SETTLED,122559,490236,46225,46223,0,0,IS700644,800600644,Buy,A
600645,CP600645X,PRINCIPLE,NEW,SETTLED,227562,910248,46220,46218,0,0,IS700645,800600645,Buy,A
600646,CP600646X,PRINCIPLE,NEW,SETTLED,236706,1183530,46233,46231,0,0,IS700646,800600646,Sell,A
600647,CP600647X,PRINCIPLE,NEW,SETTLED,3333,6666,46226,46224,0,0,IS700647,800600647,Sell,B
600648,CP600648X,PRINCIPLE,NEW,SETTLED,33801,169005,46223,46221,0,0,IS700648,800600648,Buy,A
600649,CP600649X,PRINCIPLE,NEW,SETTLED,192780,578340,46226,46224,0,0,IS700649,800600649,Sell,A
600650,CP600650X,PRINCIPLE,NEW,SETTLED,60745,182235,46235,46233,0,0,IS700650,800600650,Sell,B
600651,CP600651X,PRINCIPLE,NEW,SETTLED,204758,1023790,46232,46230,0,0,IS700651,800600651,Buy,C
600652,CP600652X,PRINCIPLE,NEW,SETTLED,183412,550236,46234,46232,0,0,IS700652,800600652,Buy,A
600653,CP600653X,PRINCIPLE,NEW,SETTLED,156946,784730,46222,46220,0,0,IS700653,800600653,Buy,A
600654,CP600654X,PRINCIPLE,NEW,SETTLED,165199,165199,46227,46225,0,0,IS700654,800600654,Sell,B
600655,CP600655X,PRINCIPLE,NEW,SETTLED,62314,124628,46231,46229,0,0,IS700655,800600655,Buy,C
600656,CP600656X,PRINCIPLE,NEW,SETTLED,268819,1075276,46233,46231,0,0,IS700656,800600656,Buy,B
600657,CP600657X,PRINCIPLE,NEW,SETTLED,202174,808696,46225,46223,0,0,IS700657,800600657,Sell,C
600658,CP600658X,PRINCIPLE,NEW,SETTLED,282741,565482,46225,46223,0,0,IS700658,800600658,Sell,A
600659,CP600659X,PRINCIPLE,NEW,SETTLED,152432,304864,46225,46223,0,0,IS700659,800600659,Sell,C
600660,CP600660X,PRINCIPLE,NEW,SETTLED,237454,1187270,46221,46219,0,0,IS700660,800600660,Sell,C
600661,CP600661X,PRINCIPLE,NEW,SETTLED,6024,24096,46224,46222,0,0,IS700661,800600661,Buy,B
600662,CP600662X,PRINCIPLE,NEW,SETTLED,202297,1011485,46235,46233,0,0,IS700662,800600662,Sell,C
600663,CP600663X,PRINCIPLE,NEW,SETTLED,258805,1035220,46234,46232,0,0,IS700663,800600663,Sell,B
600664,CP600664X,PRINCIPLE,NEW,SETTLED,88688,88688,46220,46218,0,0,IS700664,800600664,Buy,A
600665,CP600665X,PRINCIPLE,NEW,SETTLED,154139,154139,46228,46226,0,0,IS700665,800600665,Buy,C
600666,CP600666X,PRINCIPLE,NEW,SETTLED,282861,848583,46225,46223,0,0,IS700666,800600666,Sell,B
600667,CP600667X,PRINCIPLE,NEW,SETTLED,297563,1190252,46223,46221,0,0,IS700667,800600667,Buy,A
600668,CP600668X,PRINCIPLE,NEW,SETTLED,141450,707250,46231,46229,0,0,IS700668,800600668,Buy,C
600669,CP600669X,PRINCIPLE,NEW,SETTLED,232403,1162015,46226,46224,0,0,IS700669,800600669,Sell,B
600670,CP600670X,PRINCIPLE,NEW,SETTLED,54695,109390,46229,46227,0,0,IS700670,800600670,Buy,C
600671,CP600671X,PRINCIPLE,NEW,SETTLED,236789,710367,46231,46229,0,0,IS700671,800600671,Buy,A
600672,CP600672X,PRINCIPLE,NEW,SETTLED,231199,231199,46227,46225,0,0,IS700672,800600672,Buy,A
600673,CP600673X,PRINCIPLE,NEW,SETTLED,184831,924155,46233,46231,0,0,IS700673,800600673,Buy,B
600674,CP600674X,PRINCIPLE,NEW,SETTLED,73999,147998,46226,46224,0,0,IS700674,800600674,Buy,B
600675,CP600675X,PRINCIPLE,NEW,SETTLED,299883,899649,46228,46226,0,0,IS700675,800600675,Buy,C
600676,CP600676X,PRINCIPLE,NEW,SETTLED,170687,512061,46229,46227,0,0,IS700676,800600676,Sell,B
600677,CP600677X,PRINCIPLE,NEW,SETTLED,270701,270701,46224,46222,0,0,IS700677,800600677,Sell,C
600678,CP600678X,PRINCIPLE,NEW,SETTLED,32082,96246,46224,46222,0,0,IS700678,800600678,Buy,A
600679,CP600679X,PRINCIPLE,NEW,SETTLED,131902,263804,46230,46228,0,0,IS700679,800600679,Buy,B
600680,CP600680X,PRINCIPLE,NEW,SETTLED,206888,827552,46224,46222,0,0,IS700680,800600680,Sell,B
600681,CP600681X,PRINCIPLE,NEW,SETTLED,218173,872692,46234,46232,0,0,IS700681,800600681,Buy,A
600682,CP600682X,PRINCIPLE,NEW,SETTLED,49808,199232,46228,46226,0,0,IS700682,800600682,Sell,A
600683,CP600683X,PRINCIPLE,NEW,SETTLED,239391,957564,46230,46228,0,0,IS700683,800600683,Buy,A
600684,CP600684X,PRINCIPLE,NEW,SETTLED,49833,199332,46231,46229,0,0,IS700684,800600684,Buy,A
600685,CP600685X,PRINCIPLE,NEW,SETTLED,281192,1124768,46226,46224,0,0,IS700685,800600685,Sell,A
600686,CP600686X,PRINCIPLE,NEW,SETTLED,112071,448284,46228,46226,0,0,IS700686,800600686,Sell,B
600687,CP600687X,PRINCIPLE,NEW,SETTLED,149684,449052,46224,46222,0,0,IS700687,800600687,Sell,B
600688,CP600688X,PRINCIPLE,NEW,SETTLED,181218,181218,46221,46219,0,0,IS700688,800600688,Buy,C
600689,CP600689X,PRINCIPLE,NEW,SETTLED,241953,241953,46223,46221,0,0,IS700689,800600689,Buy,B
600690,CP600690X,PRINCIPLE,NEW,SETTLED,232360,929440,46220,46218,0,0,IS700690,800600690,Sell,A
600691,CP600691X,PRINCIPLE,NEW,SETTLED,107073,214146,46229,46227,0,0,IS700691,800600691,Buy,A
600692,CP600692X,PRINCIPLE,NEW,SETTLED,144665,144665,46231,46229,0,0,IS700692,800600692,Sell,C
600693,CP600693X,PRINCIPLE,NEW,SETTLED,44212,132636,46225,46223,0,0,IS700693,800600693,Buy,A
600694,CP600694X,PRINCIPLE,NEW,SETTLED,208797,626391,46227,46225,0,0,IS700694,800600694,Sell,C
600695,CP600695X,PRINCIPLE,NEW,SETTLED,48814,48814,46220,46218,0,0,IS700695,800600695,Buy,A
600696,CP600696X,PRINCIPLE,NEW,SETTLED,250984,250984,46224,46222,0,0,IS700696,800600696,Buy,A
600697,CP600697X,PRINCIPLE,NEW,SETTLED,273338,1093352,46220,46218,0,0,IS700697,800600697,Buy,B
600698,CP600698X,PRINCIPLE,NEW,SETTLED,181131,181131,46233,46231,0,0,IS700698,800600698,Buy,A
600699,CP600699X,PRINCIPLE,NEW,SETTLED,251452,251452,46227,46225,0,0,IS700699,800600699,Sell,A
600751,CP600751X,PRINCIPLE,NEW,PARTIALLY SETTLED,49772,49772,46227,46225,0,0,IS700751,800600751,Sell,C
600752,CP600752X,PRINCIPLE,NEW,PARTIALLY SETTLED,196293,785172,46222,46220,0,0,IS700752,800600752,Buy,B
600753,CP600753X,PRINCIPLE,NEW,PARTIALLY SETTLED,265989,531978,46232,46230,0,0,IS700753,800600753,Buy,C
600754,CP600754X,PRINCIPLE,NEW,PARTIALLY SETTLED,298701,298701,46233,46231,0,0,IS700754,800600754,Buy,C
600755,CP600755X,PRINCIPLE,NEW,PARTIALLY SETTLED,125136,375408,46228,46226,0,0,IS700755,800600755,Sell,A
600756,CP600756X,PRINCIPLE,NEW,PARTIALLY SETTLED,207020,621060,46230,46228,0,0,IS700756,800600756,Sell,C
600757,CP600757X,PRINCIPLE,NEW,PARTIALLY SETTLED,143583,287166,46222,46220,0,0,IS700757,800600757,Buy,A
600758,CP600758X,PRINCIPLE,NEW,PARTIALLY SETTLED,72361,361805,46223,46221,0,0,IS700758,800600758,Buy,B
600759,CP600759X,PRINCIPLE,NEW,PARTIALLY SETTLED,56395,112790,46234,46232,0,0,IS700759,800600759,Sell,C
600760,CP600760X,PRINCIPLE,NEW,PARTIALLY SETTLED,165643,662572,46223,46221,0,0,IS700760,800600760,Sell,B
600761,CP600761X,PRINCIPLE,NEW,PARTIALLY SETTLED,109861,439444,46229,46227,0,0,IS700761,800600761,Sell,C
600762,CP600762X,PRINCIPLE,NEW,PARTIALLY SETTLED,139940,139940,46222,46220,0,0,IS700762,800600762,Buy,C
600763,CP600763X,PRINCIPLE,NEW,PARTIALLY SETTLED,160496,802480,46221,46219,0,0,IS700763,800600763,Buy,A
600764,CP600764X,PRINCIPLE,NEW,PARTIALLY SETTLED,172858,345716,46222,46220,0,0,IS700764,800600764,Buy,B
600765,CP600765X,PRINCIPLE,NEW,PARTIALLY SETTLED,187511,750044,46221,46219,0,0,IS700765,800600765,Sell,A
600766,CP600766X,PRINCIPLE,NEW,PARTIALLY SETTLED,137402,274804,46220,46218,0,0,IS700766,800600766,Sell,B
600767,CP600767X,PRINCIPLE,NEW,PARTIALLY SETTLED,238083,1190415,46227,46225,0,0,IS700767,800600767,Buy,A
600768,CP600768X,PRINCIPLE,NEW,PARTIALLY SETTLED,243243,243243,46224,46222,0,0,IS700768,800600768,Buy,B
600769,CP600769X,PRINCIPLE,NEW,PARTIALLY SETTLED,7268,7268,46227,46225,0,0,IS700769,800600769,Buy,A
600770,CP600770X,PRINCIPLE,NEW,PARTIALLY SETTLED,104878,419512,46231,46229,0,0,IS700770,800600770,Buy,B
600771,CP600771X,PRINCIPLE,NEW,PARTIALLY SETTLED,136696,136696,46220,46218,0,0,IS700771,800600771,Buy,B
600772,CP600772X,PRINCIPLE,NEW,PARTIALLY SETTLED,104678,418712,46224,46222,0,0,IS700772,800600772,Buy,B
600773,CP600773X,PRINCIPLE,NEW,PARTIALLY SETTLED,174827,174827,46221,46219,0,0,IS700773,800600773,Sell,C
600774,CP600774X,PRINCIPLE,NEW,PARTIALLY SETTLED,27548,55096,46233,46231,0,0,IS700774,800600774,Sell,C
600775,CP600775X,PRINCIPLE,NEW,PARTIALLY SETTLED,261113,261113,46232,46230,0,0,IS700775,800600775,Sell,A
600776,CP600776X,PRINCIPLE,NEW,PARTIALLY SETTLED,91600,274800,46226,46224,0,0,IS700776,800600776,Buy,B
600777,CP600777X,PRINCIPLE,NEW,PARTIALLY SETTLED,145169,435507,46234,46232,0,0,IS700777,800600777,Buy,C
600778,CP600778X,PRINCIPLE,NEW,PARTIALLY SETTLED,19166,95830,46227,46225,0,0,IS700778,800600778,Sell,A
600779,CP600779X,PRINCIPLE,NEW,PARTIALLY SETTLED,262562,1050248,46235,46233,0,0,IS700779,800600779,Buy,A
600780,CP600780X,PRINCIPLE,NEW,PARTIALLY SETTLED,46991,140973,46232,46230,0,0,IS700780,800600780,Buy,C
600781,CP600781X,PRINCIPLE,NEW,PARTIALLY SETTLED,220799,441598,46227,46225,0,0,IS700781,800600781,Buy,B
600782,CP600782X,PRINCIPLE,NEW,PARTIALLY SETTLED,201539,604617,46235,46233,0,0,IS700782,800600782,Sell,B
600783,CP600783X,PRINCIPLE,NEW,PARTIALLY SETTLED,181372,906860,46230,46228,0,0,IS700783,800600783,Sell,B
600784,CP600784X,PRINCIPLE,NEW,PARTIALLY SETTLED,142786,285572,46220,46218,0,0,IS700784,800600784,Sell,B
600785,CP600785X,PRINCIPLE,NEW,PARTIALLY SETTLED,115829,115829,46228,46226,0,0,IS700785,800600785,Buy,B
600786,CP600786X,PRINCIPLE,NEW,PARTIALLY SETTLED,248298,1241490,46231,46229,0,0,IS700786,800600786,Buy,A
600787,CP600787X,PRINCIPLE,NEW,PARTIALLY SETTLED,84689,84689,46227,46225,0,0,IS700787,800600787,Buy,B
600788,CP600788X,PRINCIPLE,NEW,PARTIALLY SETTLED,140736,703680,46221,46219,0,0,IS700788,800600788,Buy,C
600789,CP600789X,PRINCIPLE,NEW,PARTIALLY SETTLED,204645,613935,46225,46223,0,0,IS700789,800600789,Buy,B
600790,CP600790X,PRINCIPLE,NEW,PARTIALLY SETTLED,125020,625100,46230,46228,0,0,IS700790,800600790,Sell,C
600841,CP600841M,PRINCIPLE,NEW,SETTLED,102043,204086,46221,46219,0,0,IS700841,800600841,Sell,C
600842,CP600842M,PRINCIPLE,NEW,SETTLED,42087,168348,46226,46224,0,0,IS700842,800600842,Buy,C
600843,CP600843M,PRINCIPLE,NEW,SETTLED,136206,408618,46222,46220,0,0,IS700843,800600843,Buy,C
600844,CP600844M,PRINCIPLE,NEW,SETTLED,204475,1022375,46232,46230,0,0,IS700844,800600844,Sell,A
600845,CP600845M,PRINCIPLE,NEW,SETTLED,145808,729040,46234,46232,0,0,IS700845,800600845,Buy,B
600846,CP600846M,PRINCIPLE,NEW,SETTLED,274972,1099888,46223,46221,0,0,IS700846,800600846,Sell,B
600847,CP600847M,PRINCIPLE,NEW,SETTLED,79455,158910,46223,46221,0,0,IS700847,800600847,Buy,C
600848,CP600848M,PRINCIPLE,NEW,SETTLED,296008,296008,46229,46227,0,0,IS700848,800600848,Sell,C
600849,CP600849M,PRINCIPLE,NEW,SETTLED,216424,649272,46232,46230,0,0,IS700849,800600849,Sell,A
600850,CP600850M,PRINCIPLE,NEW,SETTLED,249012,249012,46225,46223,0,0,IS700850,800600850,Sell,A
600851,CP600851M,PRINCIPLE,NEW,SETTLED,212274,424548,46232,46230,0,0,IS700851,800600851,Buy,B
600852,CP600852M,PRINCIPLE,NEW,SETTLED,208509,625527,46227,46225,0,0,IS700852,800600852,Buy,A
600853,CP600853M,PRINCIPLE,NEW,SETTLED,250151,750453,46231,46229,0,0,IS700853,800600853,Buy,A
600854,CP600854M,PRINCIPLE,NEW,SETTLED,178139,534417,46229,46227,0,0,IS700854,800600854,Sell,B
600855,CP600855M,PRINCIPLE,NEW,SETTLED,258750,258750,46227,46225,0,0,IS700855,800600855,Buy,A
600856,CP600856M,PRINCIPLE,NEW,SETTLED,158538,634152,46230,46228,0,0,IS700856,800600856,Sell,B
600857,CP600857M,PRINCIPLE,NEW,SETTLED,219508,1097540,46222,46220,0,0,IS700857,800600857,Buy,B
600858,CP600858M,PRINCIPLE,NEW,SETTLED,232586,465172,46233,46231,0,0,IS700858,800600858,Sell,C
600859,CP600859M,PRINCIPLE,NEW,SETTLED,271795,815385,46221,46219,0,0,IS700859,800600859,Buy,B
600860,CP600860M,PRINCIPLE,NEW,SETTLED,35402,106206,46232,46230,0,0,IS700860,800600860,Buy,B
600861,CP600861M,PRINCIPLE,NEW,SETTLED,275876,1379380,46220,46218,0,0,IS700861,800600861,Buy,C
600862,CP600862M,PRINCIPLE,NEW,SETTLED,102063,204126,46221,46219,0,0,IS700862,800600862,Buy,C
600863,CP600863M,PRINCIPLE,NEW,SETTLED,18338,73352,46221,46219,0,0,IS700863,800600863,Sell,B
600864,CP600864M,PRINCIPLE,NEW,SETTLED,105390,316170,46231,46229,0,0,IS700864,800600864,Sell,C
600865,CP600865M,PRINCIPLE,NEW,SETTLED,265831,1063324,46223,46221,0,0,IS700865,800600865,Buy,C
600866,CP600866M,PRINCIPLE,NEW,SETTLED,127845,383535,46235,46233,0,0,IS700866,800600866,Sell,B
600867,CP600867M,PRINCIPLE,NEW,SETTLED,94104,376416,46231,46229,0,0,IS700867,800600867,Sell,A
600868,CP600868M,PRINCIPLE,NEW,SETTLED,86728,260184,46222,46220,0,0,IS700868,800600868,Sell,C
600869,CP600869M,PRINCIPLE,NEW,SETTLED,15391,61564,46221,46219,0,0,IS700869,800600869,Buy,B
600870,CP600870M,PRINCIPLE,NEW,SETTLED,113364,226728,46227,46225,0,0,IS700870,800600870,Buy,B
600871,CP600871M,PRINCIPLE,NEW,SETTLED,142077,568308,46220,46218,0,0,IS700871,800600871,Buy,B
600872,CP600872M,PRINCIPLE,NEW,SETTLED,249563,499126,46225,46223,0,0,IS700872,800600872,Buy,B
600873,CP600873M,PRINCIPLE,NEW,SETTLED,118319,354957,46229,46227,0,0,IS700873,800600873,Sell,B
600874,CP600874M,PRINCIPLE,NEW,SETTLED,223196,892784,46231,46229,0,0,IS700874,800600874,Sell,C
600875,CP600875M,PRINCIPLE,NEW,SETTLED,133119,266238,46234,46232,0,0,IS700875,800600875,Sell,C
600876,CP600876M,PRINCIPLE,NEW,SETTLED,273964,1369820,46232,46230,0,0,IS700876,800600876,Buy,B
600877,CP600877M,PRINCIPLE,NEW,SETTLED,4852,24260,46231,46229,0,0,IS700877,800600877,Sell,C
600878,CP600878M,PRINCIPLE,NEW,SETTLED,157487,157487,46235,46233,0,0,IS700878,800600878,Buy,C
600879,CP600879M,PRINCIPLE,NEW,SETTLED,177309,531927,46230,46228,0,0,IS700879,800600879,Sell,B
600880,CP600880M,PRINCIPLE,NEW,SETTLED,137916,413748,46226,46224,0,0,IS700880,800600880,Buy,B
600881,CP600881M,PRINCIPLE,NEW,SETTLED,272210,544420,46221,46219,0,0,IS700881,800600881,Sell,C
600882,CP600882M,PRINCIPLE,NEW,SETTLED,168554,337108,46220,46218,0,0,IS700882,800600882,Sell,A
600883,CP600883M,PRINCIPLE,NEW,SETTLED,155981,467943,46233,46231,0,0,IS700883,800600883,Sell,A
600884,CP600884M,PRINCIPLE,NEW,SETTLED,204567,204567,46226,46224,0,0,IS700884,800600884,Sell,B
600885,CP600885M,PRINCIPLE,NEW,SETTLED,117582,587910,46235,46233,0,0,IS700885,800600885,Sell,B
600886,CP600886M,PRINCIPLE,NEW,SETTLED,266979,800937,46225,46223,0,0,IS700886,800600886,Buy,B
600887,CP600887M,PRINCIPLE,NEW,SETTLED,155027,155027,46235,46233,0,0,IS700887,800600887,Buy,C
600888,CP600888M,PRINCIPLE,NEW,SETTLED,136608,683040,46225,46223,0,0,IS700888,800600888,Sell,B
600889,CP600889M,PRINCIPLE,NEW,SETTLED,47818,95636,46231,46229,0,0,IS700889,800600889,Buy,B
600890,CP600890M,PRINCIPLE,NEW,SETTLED,162001,648004,46230,46228,0,0,IS700890,800600890,Sell,C
600891,CP600891M,PRINCIPLE,NEW,SETTLED,137608,688040,46229,46227,0,0,IS700891,800600891,Sell,A
600892,CP600892M,PRINCIPLE,NEW,SETTLED,62751,251004,46221,46219,0,0,IS700892,800600892,Buy,A
600893,CP600893M,PRINCIPLE,NEW,SETTLED,248579,497158,46223,46221,0,0,IS700893,800600893,Sell,A
600894,CP600894M,PRINCIPLE,NEW,SETTLED,278787,836361,46233,46231,0,0,IS700894,800600894,Buy,A
600895,CP600895M,PRINCIPLE,NEW,SETTLED,80051,160102,46226,46224,0,0,IS700895,800600895,Sell,A
600896,CP600896M,PRINCIPLE,NEW,SETTLED,215534,1077670,46234,46232,0,0,IS700896,800600896,Buy,C
600897,CP600897M,PRINCIPLE,NEW,SETTLED,166876,333752,46222,46220,0,0,IS700897,800600897,Sell,A
600898,CP600898M,PRINCIPLE,NEW,SETTLED,175393,350786,46230,46228,0,0,IS700898,800600898,Buy,C
600899,CP600899M,PRINCIPLE,NEW,SETTLED,3471,13884,46228,46226,0,0,IS700899,800600899,Buy,A
600900,CP600900M,PRINCIPLE,NEW,SETTLED,89397,446985,46225,46223,0,0,IS700900,800600900,Sell,A
600901,CP600901M,PRINCIPLE,NEW,SETTLED,47159,94318,46233,46231,0,0,IS700901,800600901,Sell,C
600902,CP600902M,PRINCIPLE,NEW,SETTLED,212494,849976,46235,46233,0,0,IS700902,800600902,Sell,C
600903,CP600903M,PRINCIPLE,NEW,SETTLED,3447,3447,46226,46224,0,0,IS700903,800600903,Sell,C
600904,CP600904M,PRINCIPLE,NEW,SETTLED,8380,25140,46226,46224,0,0,IS700904,800600904,Buy,C
600905,CP600905M,PRINCIPLE,NEW,SETTLED,3162,6324,46227,46225,0,0,IS700905,800600905,Sell,B
600906,CP600906M,PRINCIPLE,NEW,SETTLED,164626,329252,46223,46221,0,0,IS700906,800600906,Sell,B
600907,CP600907M,PRINCIPLE,NEW,SETTLED,264893,1324465,46229,46227,0,0,IS700907,800600907,Buy,B
600908,CP600908M,PRINCIPLE,NEW,SETTLED,35229,35229,46229,46227,0,0,IS700908,800600908,Sell,A
600909,CP600909M,PRINCIPLE,NEW,SETTLED,240036,1200180,46230,46228,0,0,IS700909,800600909,Sell,B
600910,CP600910M,PRINCIPLE,NEW,SETTLED,71144,213432,46235,46233,0,0,IS700910,800600910,Sell,A
600911,CP600911M,PRINCIPLE,NEW,SETTLED,99789,199578,46232,46230,0,0,IS700911,800600911,Buy,A
600912,CP600912M,PRINCIPLE,NEW,SETTLED,120756,241512,46224,46222,0,0,IS700912,800600912,Buy,C
600913,CP600913M,PRINCIPLE,NEW,SETTLED,12488,62440,46225,46223,0,0,IS700913,800600913,Buy,A
600914,CP600914M,PRINCIPLE,NEW,SETTLED,193199,193199,46232,46230,0,0,IS700914,800600914,Sell,A
600915,CP600915M,PRINCIPLE,NEW,SETTLED,281354,1406770,46221,46219,0,0,IS700915,800600915,Buy,A
600916,CP600916M,PRINCIPLE,NEW,SETTLED,57682,57682,46221,46219,0,0,IS700916,800600916,Buy,B
600917,CP600917M,PRINCIPLE,NEW,SETTLED,219510,878040,46232,46230,0,0,IS700917,800600917,Buy,B
600918,CP600918M,PRINCIPLE,NEW,SETTLED,287933,863799,46235,46233,0,0,IS700918,800600918,Buy,A
600919,CP600919M,PRINCIPLE,NEW,SETTLED,108738,108738,46229,46227,0,0,IS700919,800600919,Sell,A
600920,CP600920M,PRINCIPLE,NEW,SETTLED,53942,269710,46228,46226,0,0,IS700920,800600920,Buy,A
600921,CP600921M,PRINCIPLE,NEW,SETTLED,220585,220585,46223,46221,0,0,IS700921,800600921,Sell,B
600922,CP600922M,PRINCIPLE,NEW,SETTLED,60775,60775,46235,46233,0,0,IS700922,800600922,Buy,B
600923,CP600923M,PRINCIPLE,NEW,SETTLED,105726,317178,46226,46224,0,0,IS700923,800600923,Sell,C
600924,CP600924M,PRINCIPLE,NEW,SETTLED,215830,647490,46225,46223,0,0,IS700924,800600924,Buy,C
600925,CP600925M,PRINCIPLE,NEW,SETTLED,288382,1153528,46226,46224,0,0,IS700925,800600925,Sell,C
600926,CP600926M,PRINCIPLE,NEW,SETTLED,174331,348662,46220,46218,0,0,IS700926,800600926,Buy,A
600927,CP600927M,PRINCIPLE,NEW,SETTLED,47663,47663,46235,46233,0,0,IS700927,800600927,Buy,B
600928,CP600928M,PRINCIPLE,NEW,SETTLED,48229,241145,46222,46220,0,0,IS700928,800600928,Buy,A
600929,CP600929M,PRINCIPLE,NEW,SETTLED,135161,270322,46234,46232,0,0,IS700929,800600929,Sell,C
600930,CP600930M,PRINCIPLE,NEW,SETTLED,139477,557908,46221,46219,0,0,IS700930,800600930,Buy,B
600931,CP600931M,PRINCIPLE,NEW,SETTLED,92594,92594,46229,46227,0,0,IS700931,800600931,Sell,C
600932,CP600932M,PRINCIPLE,NEW,SETTLED,164948,659792,46223,46221,0,0,IS700932,800600932,Buy,C
600933,CP600933M,PRINCIPLE,NEW,SETTLED,25059,25059,46224,46222,0,0,IS700933,800600933,Buy,B
600934,CP600934M,PRINCIPLE,NEW,SETTLED,173312,519936,46234,46232,0,0,IS700934,800600934,Sell,C
600935,CP600935M,PRINCIPLE,NEW,SETTLED,49733,149199,46230,46228,0,0,IS700935,800600935,Buy,B
600936,CP600936M,PRINCIPLE,NEW,SETTLED,60680,242720,46232,46230,0,0,IS700936,800600936,Sell,C
600937,CP600937M,PRINCIPLE,NEW,SETTLED,143518,574072,46235,46233,0,0,IS700937,800600937,Sell,A
600938,CP600938M,PRINCIPLE,NEW,SETTLED,88440,88440,46224,46222,0,0,IS700938,800600938,Buy,C
600939,CP600939M,PRINCIPLE,NEW,SETTLED,84569,84569,46233,46231,0,0,IS700939,800600939,Sell,C
600940,CP600940M,PRINCIPLE,NEW,SETTLED,299290,1197160,46225,46223,0,0,IS700940,800600940,Sell,C
600941,CP600941M,PRINCIPLE,NEW,SETTLED,189009,945045,46220,46218,0,0,IS700941,800600941,Buy,C
600942,CP600942M,PRINCIPLE,NEW,SETTLED,254272,1017088,46223,46221,0,0,IS700942,800600942,Sell,B
600943,CP600943M,PRINCIPLE,NEW,SETTLED,232047,232047,46222,46220,0,0,IS700943,800600943,Sell,B
600944,CP600944M,PRINCIPLE,NEW,SETTLED,165751,165751,46227,46225,0,0,IS700944,800600944,Sell,A
600945,CP600945M,PRINCIPLE,NEW,SETTLED,273157,1365785,46223,46221,0,0,IS700945,800600945,Sell,B
600946,CP600946M,PRINCIPLE,NEW,SETTLED,131325,525300,46231,46229,0,0,IS700946,800600946,Sell,A
600947,CP600947M,PRINCIPLE,NEW,SETTLED,78937,394685,46221,46219,0,0,IS700947,800600947,Buy,B
600948,CP600948M,PRINCIPLE,NEW,SETTLED,83275,416375,46235,46233,0,0,IS700948,800600948,Sell,A
600949,CP600949M,PRINCIPLE,NEW,SETTLED,87719,87719,46235,46233,0,0,IS700949,800600949,Sell,C
600950,CP600950M,PRINCIPLE,NEW,SETTLED,127296,381888,46228,46226,0,0,IS700950,800600950,Buy,A
600951,CP600951M,PRINCIPLE,NEW,SETTLED,266776,533552,46232,46230,0,0,IS700951,800600951,Sell,C
600952,CP600952M,PRINCIPLE,NEW,SETTLED,124207,124207,46234,46232,0,0,IS700952,800600952,Sell,C
600953,CP600953M,PRINCIPLE,NEW,SETTLED,235932,235932,46235,46233,0,0,IS700953,800600953,Sell,C
600954,CP600954M,PRINCIPLE,NEW,SETTLED,166707,166707,46235,46233,0,0,IS700954,800600954,Buy,C
600955,CP600955M,PRINCIPLE,NEW,SETTLED,54814,219256,46233,46231,0,0,IS700955,800600955,Buy,B
600956,CP600956M,PRINCIPLE,NEW,SETTLED,293097,1465485,46220,46218,0,0,IS700956,800600956,Buy,A
600957,CP600957M,PRINCIPLE,NEW,SETTLED,160697,803485,46226,46224,0,0,IS700957,800600957,Sell,B
600958,CP600958M,PRINCIPLE,NEW,SETTLED,179705,539115,46221,46219,0,0,IS700958,800600958,Buy,C
600959,CP600959M,PRINCIPLE,NEW,SETTLED,239267,717801,46235,46233,0,0,IS700959,800600959,Sell,A
600960,CP600960M,PRINCIPLE,NEW,SETTLED,238257,238257,46223,46221,0,0,IS700960,800600960,Buy,B
600961,CP600961M,PRINCIPLE,NEW,SETTLED,2151,6453,46231,46229,0,0,IS700961,800600961,Sell,B
600962,CP600962M,PRINCIPLE,NEW,SETTLED,288147,1440735,46231,46229,0,0,IS700962,800600962,Buy,C
600963,CP600963M,PRINCIPLE,NEW,SETTLED,25000,50000,46235,46233,0,0,IS700963,800600963,Buy,B
600964,CP600964M,PRINCIPLE,NEW,SETTLED,215544,215544,46228,46226,0,0,IS700964,800600964,Buy,A
600965,CP600965M,PRINCIPLE,NEW,SETTLED,99326,99326,46232,46230,0,0,IS700965,800600965,Buy,B
600966,CP600966M,PRINCIPLE,NEW,SETTLED,240623,481246,46230,46228,0,0,IS700966,800600966,Buy,B
600967,CP600967M,PRINCIPLE,NEW,SETTLED,218301,218301,46223,46221,0,0,IS700967,800600967,Sell,C
600968,CP600968M,PRINCIPLE,NEW,SETTLED,240802,1204010,46224,46222,0,0,IS700968,800600968,Sell,C
600969,CP600969M,PRINCIPLE,NEW,SETTLED,3274,16370,46221,46219,0,0,IS700969,800600969,Sell,B
600970,CP600970M,PRINCIPLE,NEW,SETTLED,254195,1270975,46225,46223,0,0,IS700970,800600970,Buy,A
600971,CP600971M,PRINCIPLE,NEW,SETTLED,68309,68309,46232,46230,0,0,IS700971,800600971,Sell,B
600972,CP600972M,PRINCIPLE,NEW,SETTLED,265298,1061192,46233,46231,0,0,IS700972,800600972,Buy,B
600973,CP600973M,PRINCIPLE,NEW,SETTLED,144443,577772,46230,46228,0,0,IS700973,800600973,Sell,B
600974,CP600974M,PRINCIPLE,NEW,SETTLED,238421,476842,46224,46222,0,0,IS700974,800600974,Sell,C
600975,CP600975M,PRINCIPLE,NEW,SETTLED,269589,808767,46230,46228,0,0,IS700975,800600975,Buy,B
600976,CP600976M,PRINCIPLE,NEW,SETTLED,106323,212646,46229,46227,0,0,IS700976,800600976,Sell,A
600977,CP600977M,PRINCIPLE,NEW,SETTLED,70558,141116,46230,46228,0,0,IS700977,800600977,Buy,A
600978,CP600978M,PRINCIPLE,NEW,SETTLED,185674,928370,46235,46233,0,0,IS700978,800600978,Sell,B
600979,CP600979M,PRINCIPLE,NEW,SETTLED,280918,842754,46233,46231,0,0,IS700979,800600979,Buy,C
600980,CP600980M,PRINCIPLE,NEW,SETTLED,275061,275061,46220,46218,0,0,IS700980,800600980,Sell,B
600981,CP600981M,PRINCIPLE,NEW,SETTLED,77193,77193,46221,46219,0,0,IS700981,800600981,Buy,A
600982,CP600982M,PRINCIPLE,NEW,SETTLED,140973,281946,46229,46227,0,0,IS700982,800600982,Sell,B
600983,CP600983M,PRINCIPLE,NEW,SETTLED,77770,77770,46229,46227,0,0,IS700983,800600983,Buy,B
600984,CP600984M,PRINCIPLE,NEW,SETTLED,284730,284730,46231,46229,0,0,IS700984,800600984,Sell,A
600985,CP600985M,PRINCIPLE,NEW,SETTLED,54729,273645,46227,46225,0,0,IS700985,800600985,Sell,B
600986,CP600986M,PRINCIPLE,NEW,SETTLED,125568,627840,46229,46227,0,0,IS700986,800600986,Buy,B
600987,CP600987M,PRINCIPLE,NEW,SETTLED,201059,804236,46233,46231,0,0,IS700987,800600987,Sell,C
600988,CP600988M,PRINCIPLE,NEW,SETTLED,290472,290472,46220,46218,0,0,IS700988,800600988,Sell,A
600989,CP600989M,PRINCIPLE,NEW,SETTLED,107476,537380,46234,46232,0,0,IS700989,800600989,Buy,B
600990,CP600990M,PRINCIPLE,NEW,SETTLED,193802,969010,46226,46224,0,0,IS700990,800600990,Buy,C
600991,CP600991M,PRINCIPLE,NEW,SETTLED,155233,620932,46225,46223,0,0,IS700991,800600991,Buy,C
600992,CP600992M,PRINCIPLE,NEW,SETTLED,99029,198058,46223,46221,0,0,IS700992,800600992,Sell,B
600993,CP600993M,PRINCIPLE,NEW,SETTLED,22304,89216,46228,46226,0,0,IS700993,800600993,Sell,B
600994,CP600994M,PRINCIPLE,NEW,SETTLED,69192,138384,46228,46226,0,0,IS700994,800600994,Buy,C
600995,CP600995M,PRINCIPLE,NEW,SETTLED,174310,697240,46224,46222,0,0,IS700995,800600995,Buy,A
600996,CP600996M,PRINCIPLE,NEW,SETTLED,81584,244752,46221,46219,0,0,IS700996,800600996,Sell,C
600997,CP600997M,PRINCIPLE,NEW,SETTLED,258189,1290945,46231,46229,0,0,IS700997,800600997,Buy,A
600998,CP600998M,PRINCIPLE,NEW,SETTLED,167649,838245,46227,46225,0,0,IS700998,800600998,Buy,C
600999,CP600999M,PRINCIPLE,NEW,SETTLED,273947,273947,46225,46223,0,0,IS700999,800600999,Sell,A
601000,CP601000M,PRINCIPLE,NEW,SETTLED,285730,1428650,46232,46230,0,0,IS701000,800601000,Buy,C